#VRML V2.0 utf8
# 3D model generated by easyeda2kicad.py (https://github.com/uPesy/easyeda2kicad.py)

Shape{
    appearance Appearance {
        material  Material 	{
            diffuseColor 0.2235294117647059 0.2235294117647059 0.2235294117647059
            specularColor 0.11372549019607843 0.11372549019607843 0.11372549019607843
            ambientIntensity 0.2235
            transparency 0.0
            shininess 0.5
        }
    }
    geometry IndexedFaceSet {
        ccw TRUE
        solid FALSE
        coord DEF co Coordinate {
            point [
                -0.0986 -0.076 0.1575, -0.1145 -0.076 0.1575, -0.3937 -0.1181 0.1575, -0.0698 0.0292 0.1575, -0.1289 0.0292 0.1575, -0.3937 0.1181 0.1575, 0.3937 -0.1181 0.1575, 0.0207 -0.0696 0.1575, 0.0129 -0.0739 0.1575, -0.028 -0.018 0.1575, -0.0525 0.0371 0.1575, -0.028 0.0421 0.1575, -0.0525 0.0421 0.1575, -0.1289 0.0421 0.1575, 0.3937 0.1181 0.1575, 0.0296 0.0421 0.1575, -0.0076 -0.0645 0.1575, -0.0097 -0.0169 0.1575, -0.0127 -0.0642 0.1575, -0.0189 -0.0173 0.1575, -0.0227 -0.0617 0.1575, -0.0324 -0.0569 0.1575, -0.0324 -0.0727 0.1575, -0.0293 -0.0742 0.1575, 0.1015 0.0427 0.1575, 0.1085 0.0402 0.1575, 0.0108 -0.0221 0.1575, 0.01 -0.0215 0.1575, 0.1152 -0.0675 0.1575, 0.1098 -0.072 0.1575, 0.1032 -0.0753 0.1575, 0.0958 -0.0771 0.1575, 0.0648 0.0303 0.1575, 0.0704 0.0361 0.1575, 0.0353 -0.0393 0.1575, 0.0343 -0.0488 0.1575, 0.0691 -0.0701 0.1575, 0.0316 -0.0567 0.1575, 0.075 -0.0741 0.1575, 0.0052 -0.0192 0.1575, -0.003 -0.0173 0.1575, 0.1147 0.0361 0.1575, 0.1194 0.031 0.1575, 0.1244 0.0221 0.1575, 0.0555 0.0092 0.1575, 0.0296 0.0292 0.1575, 0.0152 -0.0072 0.1575, 0.0221 -0.011 0.1575, 0.0279 -0.0164 0.1575, 0.0532 -0.0051 0.1575, 0.0317 -0.0222 0.1575, 0.0526 -0.0192 0.1575, 0.1298 -0.03 0.1575, 0.1274 -0.0439 0.1575, 0.0903 -0.0774 0.1575, 0.0819 -0.0765 0.1575, 0.0274 -0.0633 0.1575, 0.0024 -0.0767 0.1575, -0.0072 -0.0774 0.1575, -0.0201 -0.0766 0.1575, 0.0188 -0.0341 0.1575, 0.0173 -0.0296 0.1575, 0.0145 -0.0254 0.1575, 0.0151 -0.0545 0.1575, -0.0 -0.0637 0.1575, 0.0115 -0.0583 0.1575, 0.0061 -0.0617 0.1575, 0.0176 -0.0501 0.1575, 0.0191 -0.045 0.1575, 0.0195 -0.0402 0.1575, 0.0598 0.0219 0.1575, 0.0769 0.0402 0.1575, 0.0843 0.0427 0.1575, 0.0929 0.0436 0.1575, -0.0136 -0.0043 0.1575, -0.0087 -0.0041 0.1575, -0.0136 0.0292 0.1575, -0.0038 -0.004 0.1575, 0.0059 -0.0047 0.1575, 0.0633 -0.0638 0.1575, 0.0581 -0.0542 0.1575, 0.055 -0.0437 0.1575, 0.1235 -0.0552 0.1575, 0.1209 -0.06 0.1575, 0.1281 0.0097 0.1575, 0.1301 -0.0068 0.1575, 0.1304 -0.0164 0.1575, 0.0528 -0.0276 0.1575, 0.0342 -0.029 0.1575, 0.0353 -0.039 0.1575, -0.3937 -0.1181 0.1417, -0.3937 0.1181 0.1417, 0.3937 -0.1181 0.1417, 0.3937 0.1181 0.1417
            ]
        }
        coordIndex [
            0,1,2,-1,1,3,2,-1,2,3,4,-1,2,4,5,-1,6,7,8,-1,0,9,10,-1,10,9,11,-1,10,11,12,-1,4,13,5,-1,5,13,12,-1,5,12,14,-1,14,12,11,-1,14,11,15,-1,16,17,18,-1,18,17,19,-1,18,19,20,-1,20,19,9,-1,20,9,21,-1,21,9,0,-1,21,0,22,-1,22,0,2,-1,22,2,23,-1,24,25,14,-1,16,26,27,-1,28,29,6,-1,6,29,30,-1,6,30,31,-1,32,33,15,-1,34,35,36,-1,36,35,37,-1,36,37,38,-1,27,39,16,-1,16,39,40,-1,16,40,17,-1,25,41,14,-1,14,41,42,-1,14,42,43,-1,44,45,46,-1,46,47,44,-1,44,47,48,-1,44,48,49,-1,49,48,50,-1,49,50,51,-1,52,53,6,-1,31,54,6,-1,6,54,55,-1,6,55,7,-1,7,55,38,-1,7,38,56,-1,56,38,37,-1,8,57,6,-1,6,57,58,-1,6,58,2,-1,2,58,59,-1,2,59,23,-1,60,61,16,-1,16,61,62,-1,16,62,26,-1,63,64,65,-1,65,64,66,-1,63,67,64,-1,64,67,68,-1,64,68,16,-1,16,68,69,-1,16,69,60,-1,45,44,15,-1,15,44,70,-1,15,70,32,-1,33,71,15,-1,15,71,72,-1,15,72,14,-1,14,72,73,-1,14,73,24,-1,74,75,76,-1,76,75,77,-1,76,77,45,-1,45,77,78,-1,45,78,46,-1,36,79,34,-1,34,79,80,-1,34,80,81,-1,53,82,6,-1,6,82,83,-1,6,83,28,-1,43,84,14,-1,14,84,85,-1,14,85,6,-1,6,85,86,-1,6,86,52,-1,51,50,87,-1,87,50,88,-1,87,88,81,-1,81,88,89,-1,81,89,34,-1,2,5,90,-1,90,5,91,-1,6,2,92,-1,92,2,90,-1,14,6,93,-1,93,6,92,-1,5,14,91,-1,91,14,93,-1,93,92,91,-1,91,92,90,-1,
        ]
    }
}
Shape{
    appearance Appearance {
        material  Material 	{
            diffuseColor 1.0 1.0 1.0
            specularColor 0.5019607843137255 0.5019607843137255 0.5019607843137255
            ambientIntensity 1.0
            transparency 0.0
            shininess 0.5
        }
    }
    geometry IndexedFaceSet {
        ccw TRUE
        solid FALSE
        coord DEF co Coordinate {
            point [
                -0.0525 0.0421 0.1535, -0.0525 0.0371 0.1535, -0.0525 0.0421 0.1575, -0.0525 0.0371 0.1575, -0.0986 -0.076 0.1535, -0.0986 -0.076 0.1575, -0.1145 -0.076 0.1535, -0.1145 -0.076 0.1575, -0.0698 0.0292 0.1535, -0.0698 0.0292 0.1575, -0.1289 0.0292 0.1535, -0.1289 0.0292 0.1575, -0.1289 0.0421 0.1535, -0.1289 0.0421 0.1575, 0.0526 -0.0192 0.1535, 0.0526 -0.0192 0.1575, 0.0528 -0.0276 0.1575, 0.0528 -0.0276 0.1535, 0.055 -0.0437 0.1575, 0.055 -0.0437 0.1535, 0.0581 -0.0542 0.1575, 0.0581 -0.0542 0.1535, 0.0633 -0.0638 0.1575, 0.0633 -0.0638 0.1535, 0.0691 -0.0701 0.1575, 0.0691 -0.0701 0.1535, 0.075 -0.0741 0.1575, 0.075 -0.0741 0.1535, 0.0819 -0.0765 0.1575, 0.0819 -0.0765 0.1535, 0.0903 -0.0774 0.1575, 0.0903 -0.0774 0.1535, 0.0929 0.0436 0.1535, 0.0929 0.0436 0.1575, 0.0843 0.0427 0.1575, 0.0843 0.0427 0.1535, 0.0769 0.0402 0.1575, 0.0769 0.0402 0.1535, 0.0704 0.0361 0.1575, 0.0704 0.0361 0.1535, 0.0648 0.0303 0.1575, 0.0648 0.0303 0.1535, 0.0598 0.0219 0.1575, 0.0598 0.0219 0.1535, 0.0555 0.0092 0.1575, 0.0555 0.0092 0.1535, 0.0532 -0.0051 0.1575, 0.0532 -0.0051 0.1535, 0.1304 -0.0164 0.1535, 0.1304 -0.0164 0.1575, 0.1301 -0.0068 0.1575, 0.1301 -0.0068 0.1535, 0.1281 0.0097 0.1575, 0.1281 0.0097 0.1535, 0.1244 0.0221 0.1575, 0.1244 0.0221 0.1535, 0.1194 0.031 0.1575, 0.1194 0.031 0.1535, 0.1147 0.0361 0.1575, 0.1147 0.0361 0.1535, 0.1085 0.0402 0.1575, 0.1085 0.0402 0.1535, 0.1015 0.0427 0.1575, 0.1015 0.0427 0.1535, 0.0958 -0.0771 0.1575, 0.0958 -0.0771 0.1535, 0.1032 -0.0753 0.1575, 0.1032 -0.0753 0.1535, 0.1098 -0.072 0.1575, 0.1098 -0.072 0.1535, 0.1152 -0.0675 0.1575, 0.1152 -0.0675 0.1535, 0.1209 -0.06 0.1575, 0.1209 -0.06 0.1535, 0.1235 -0.0552 0.1575, 0.1235 -0.0552 0.1535, 0.1274 -0.0439 0.1575, 0.1274 -0.0439 0.1535, 0.1298 -0.03 0.1575, 0.1298 -0.03 0.1535, 0.0964 -0.0639 0.1535, 0.1001 -0.0625 0.1535, 0.1035 -0.0601 0.1535, 0.0872 0.03 0.1535, 0.0917 -0.0645 0.1535, 0.0885 -0.0642 0.1535, 0.0844 -0.0631 0.1535, 0.0809 -0.0611 0.1535, 0.0776 -0.0581 0.1535, 0.0744 -0.0533 0.1535, 0.0712 -0.0446 0.1535, 0.0835 0.0286 0.1535, 0.08 0.0262 0.1535, 0.0767 0.0223 0.1535, 0.0732 0.0156 0.1535, 0.0702 0.0043 0.1535, 0.0686 -0.0124 0.1535, 0.0685 -0.0185 0.1535, 0.0691 -0.0323 0.1535, 0.1068 -0.0563 0.1535, 0.1101 -0.0498 0.1535, 0.113 -0.0388 0.1535, 0.1145 -0.0225 0.1535, 0.1145 -0.0177 0.1535, 0.1139 -0.0029 0.1535, 0.1115 0.0115 0.1535, 0.1086 0.0191 0.1535, 0.1055 0.0241 0.1535, 0.1037 0.0261 0.1535, 0.1007 0.0284 0.1535, 0.0972 0.0299 0.1535, 0.0932 0.0306 0.1535, 0.0921 0.0306 0.1535, 0.0685 -0.0185 0.1575, 0.0686 -0.0124 0.1575, 0.0702 0.0043 0.1575, 0.0732 0.0156 0.1575, 0.0767 0.0223 0.1575, 0.08 0.0262 0.1575, 0.0835 0.0286 0.1575, 0.0872 0.03 0.1575, 0.0921 0.0306 0.1575, 0.0932 0.0306 0.1575, 0.0972 0.0299 0.1575, 0.1007 0.0284 0.1575, 0.1037 0.0261 0.1575, 0.1055 0.0241 0.1575, 0.1086 0.0191 0.1575, 0.1115 0.0115 0.1575, 0.1139 -0.0029 0.1575, 0.1145 -0.0177 0.1575, 0.1145 -0.0225 0.1575, 0.113 -0.0388 0.1575, 0.1101 -0.0498 0.1575, 0.1068 -0.0563 0.1575, 0.1035 -0.0601 0.1575, 0.1001 -0.0625 0.1575, 0.0964 -0.0639 0.1575, 0.0917 -0.0645 0.1575, 0.0885 -0.0642 0.1575, 0.0844 -0.0631 0.1575, 0.0809 -0.0611 0.1575, 0.0776 -0.0581 0.1575, 0.0744 -0.0533 0.1575, 0.0712 -0.0446 0.1575, 0.0691 -0.0323 0.1575, -0.0324 -0.0727 0.1535, -0.0324 -0.0569 0.1535, -0.0324 -0.0727 0.1575, -0.0324 -0.0569 0.1575, -0.0076 -0.0645 0.1535, -0.0076 -0.0645 0.1575, -0.0127 -0.0642 0.1575, -0.0127 -0.0642 0.1535, -0.0227 -0.0617 0.1575, -0.0227 -0.0617 0.1535, 0.0195 -0.0402 0.1535, 0.0195 -0.0402 0.1575, 0.0191 -0.045 0.1575, 0.0191 -0.045 0.1535, 0.0176 -0.0501 0.1575, 0.0176 -0.0501 0.1535, 0.0151 -0.0545 0.1575, 0.0151 -0.0545 0.1535, 0.0115 -0.0583 0.1575, 0.0115 -0.0583 0.1535, 0.0061 -0.0617 0.1575, 0.0061 -0.0617 0.1535, -0.0 -0.0637 0.1575, -0.0 -0.0637 0.1535, -0.0097 -0.0169 0.1535, -0.0097 -0.0169 0.1575, -0.003 -0.0173 0.1575, -0.003 -0.0173 0.1535, 0.0052 -0.0192 0.1575, 0.0052 -0.0192 0.1535, 0.01 -0.0215 0.1575, 0.01 -0.0215 0.1535, 0.0108 -0.0221 0.1575, 0.0108 -0.0221 0.1535, 0.0145 -0.0254 0.1575, 0.0145 -0.0254 0.1535, 0.0173 -0.0296 0.1575, 0.0173 -0.0296 0.1535, 0.0188 -0.0341 0.1575, 0.0188 -0.0341 0.1535, -0.028 -0.018 0.1535, -0.028 -0.018 0.1575, -0.0189 -0.0173 0.1575, -0.0189 -0.0173 0.1535, -0.028 0.0421 0.1535, -0.028 0.0421 0.1575, 0.0296 0.0421 0.1535, 0.0296 0.0421 0.1575, 0.0296 0.0292 0.1535, 0.0296 0.0292 0.1575, -0.0136 0.0292 0.1535, -0.0136 0.0292 0.1575, -0.0136 -0.0043 0.1535, -0.0136 -0.0043 0.1575, -0.0038 -0.004 0.1535, -0.0038 -0.004 0.1575, -0.0087 -0.0041 0.1575, -0.0087 -0.0041 0.1535, 0.0353 -0.0393 0.1535, 0.0353 -0.0393 0.1575, 0.0353 -0.039 0.1575, 0.0353 -0.039 0.1535, 0.0342 -0.029 0.1575, 0.0342 -0.029 0.1535, 0.0317 -0.0222 0.1575, 0.0317 -0.0222 0.1535, 0.0279 -0.0164 0.1575, 0.0279 -0.0164 0.1535, 0.0221 -0.011 0.1575, 0.0221 -0.011 0.1535, 0.0152 -0.0072 0.1575, 0.0152 -0.0072 0.1535, 0.0059 -0.0047 0.1575, 0.0059 -0.0047 0.1535, -0.0072 -0.0774 0.1535, -0.0072 -0.0774 0.1575, 0.0024 -0.0767 0.1575, 0.0024 -0.0767 0.1535, 0.0129 -0.0739 0.1575, 0.0129 -0.0739 0.1535, 0.0207 -0.0696 0.1575, 0.0207 -0.0696 0.1535, 0.0274 -0.0633 0.1575, 0.0274 -0.0633 0.1535, 0.0316 -0.0567 0.1575, 0.0316 -0.0567 0.1535, 0.0343 -0.0488 0.1575, 0.0343 -0.0488 0.1535, -0.0293 -0.0742 0.1575, -0.0293 -0.0742 0.1535, -0.0201 -0.0766 0.1575, -0.0201 -0.0766 0.1535
            ]
        }
        coordIndex [
            0,1,2,-1,2,1,3,-1,1,4,3,-1,3,4,5,-1,4,6,5,-1,5,6,7,-1,6,8,7,-1,7,8,9,-1,8,10,9,-1,9,10,11,-1,10,12,11,-1,11,12,13,-1,12,0,13,-1,13,0,2,-1,8,6,4,-1,12,10,0,-1,0,10,8,-1,0,8,1,-1,1,8,4,-1,14,15,16,-1,14,16,17,-1,17,16,18,-1,17,18,19,-1,19,18,20,-1,19,20,21,-1,21,20,22,-1,21,22,23,-1,23,22,24,-1,23,24,25,-1,25,24,26,-1,25,26,27,-1,27,26,28,-1,27,28,29,-1,29,28,30,-1,29,30,31,-1,32,33,34,-1,32,34,35,-1,35,34,36,-1,35,36,37,-1,37,36,38,-1,37,38,39,-1,39,38,40,-1,39,40,41,-1,41,40,42,-1,41,42,43,-1,43,42,44,-1,43,44,45,-1,45,44,46,-1,45,46,47,-1,47,46,15,-1,47,15,14,-1,48,49,50,-1,48,50,51,-1,51,50,52,-1,51,52,53,-1,53,52,54,-1,53,54,55,-1,55,54,56,-1,55,56,57,-1,57,56,58,-1,57,58,59,-1,59,58,60,-1,59,60,61,-1,61,60,62,-1,61,62,63,-1,63,62,33,-1,63,33,32,-1,31,30,64,-1,31,64,65,-1,65,64,66,-1,65,66,67,-1,67,66,68,-1,67,68,69,-1,69,68,70,-1,69,70,71,-1,71,70,72,-1,71,72,73,-1,73,72,74,-1,73,74,75,-1,75,74,76,-1,75,76,77,-1,77,76,78,-1,77,78,79,-1,79,78,49,-1,79,49,48,-1,31,65,80,-1,80,65,81,-1,81,65,67,-1,81,67,82,-1,32,35,83,-1,80,84,31,-1,31,84,85,-1,31,85,29,-1,29,85,86,-1,29,86,27,-1,27,86,87,-1,27,87,25,-1,25,87,88,-1,25,88,23,-1,23,88,89,-1,23,89,21,-1,21,89,90,-1,83,35,91,-1,91,35,37,-1,91,37,92,-1,92,37,39,-1,92,39,93,-1,93,39,41,-1,93,41,94,-1,94,41,43,-1,94,43,95,-1,95,43,45,-1,95,45,96,-1,96,45,47,-1,96,47,97,-1,97,47,14,-1,97,14,98,-1,98,14,17,-1,98,17,90,-1,90,17,19,-1,90,19,21,-1,67,69,82,-1,82,69,71,-1,82,71,99,-1,99,71,73,-1,99,73,100,-1,100,73,75,-1,100,75,101,-1,101,75,77,-1,101,77,102,-1,102,77,79,-1,102,79,103,-1,103,79,48,-1,103,48,104,-1,104,48,51,-1,104,51,105,-1,105,51,53,-1,105,53,106,-1,106,53,55,-1,106,55,107,-1,107,55,57,-1,107,57,108,-1,108,57,59,-1,108,59,109,-1,109,59,61,-1,109,61,110,-1,110,61,63,-1,110,63,111,-1,111,63,32,-1,111,32,112,-1,112,32,83,-1,97,113,114,-1,97,114,96,-1,96,114,115,-1,96,115,95,-1,95,115,116,-1,95,116,94,-1,94,116,117,-1,94,117,93,-1,93,117,118,-1,93,118,92,-1,92,118,119,-1,92,119,91,-1,91,119,120,-1,91,120,83,-1,83,120,121,-1,83,121,112,-1,112,121,122,-1,112,122,111,-1,111,122,123,-1,111,123,110,-1,110,123,124,-1,110,124,109,-1,109,124,125,-1,109,125,108,-1,108,125,126,-1,108,126,107,-1,107,126,127,-1,107,127,106,-1,106,127,128,-1,106,128,105,-1,105,128,129,-1,105,129,104,-1,104,129,130,-1,104,130,103,-1,103,130,131,-1,103,131,102,-1,102,131,132,-1,102,132,101,-1,101,132,133,-1,101,133,100,-1,100,133,134,-1,100,134,99,-1,99,134,135,-1,99,135,82,-1,82,135,136,-1,82,136,81,-1,81,136,137,-1,81,137,80,-1,80,137,138,-1,80,138,84,-1,84,138,139,-1,84,139,85,-1,85,139,140,-1,85,140,86,-1,86,140,141,-1,86,141,87,-1,87,141,142,-1,87,142,88,-1,88,142,143,-1,88,143,89,-1,89,143,144,-1,89,144,90,-1,90,144,145,-1,90,145,98,-1,98,145,113,-1,98,113,97,-1,146,147,148,-1,148,147,149,-1,150,151,152,-1,150,152,153,-1,153,152,154,-1,153,154,155,-1,155,154,149,-1,155,149,147,-1,156,157,158,-1,156,158,159,-1,159,158,160,-1,159,160,161,-1,161,160,162,-1,161,162,163,-1,163,162,164,-1,163,164,165,-1,165,164,166,-1,165,166,167,-1,167,166,168,-1,167,168,169,-1,169,168,151,-1,169,151,150,-1,170,171,172,-1,170,172,173,-1,173,172,174,-1,173,174,175,-1,175,174,176,-1,175,176,177,-1,177,176,178,-1,177,178,179,-1,179,178,180,-1,179,180,181,-1,181,180,182,-1,181,182,183,-1,183,182,184,-1,183,184,185,-1,185,184,157,-1,185,157,156,-1,186,187,188,-1,186,188,189,-1,189,188,171,-1,189,171,170,-1,186,190,187,-1,187,190,191,-1,190,192,191,-1,191,192,193,-1,192,194,193,-1,193,194,195,-1,194,196,195,-1,195,196,197,-1,196,198,197,-1,197,198,199,-1,200,201,202,-1,200,202,203,-1,203,202,199,-1,203,199,198,-1,204,205,206,-1,204,206,207,-1,207,206,208,-1,207,208,209,-1,209,208,210,-1,209,210,211,-1,211,210,212,-1,211,212,213,-1,213,212,214,-1,213,214,215,-1,215,214,216,-1,215,216,217,-1,217,216,218,-1,217,218,219,-1,219,218,201,-1,219,201,200,-1,220,221,222,-1,220,222,223,-1,223,222,224,-1,223,224,225,-1,225,224,226,-1,225,226,227,-1,227,226,228,-1,227,228,229,-1,229,228,230,-1,229,230,231,-1,231,230,232,-1,231,232,233,-1,233,232,205,-1,233,205,204,-1,146,148,234,-1,146,234,235,-1,235,234,236,-1,235,236,237,-1,237,236,221,-1,237,221,220,-1,194,192,196,-1,196,192,190,-1,196,190,198,-1,147,146,155,-1,155,146,235,-1,155,235,153,-1,153,235,237,-1,153,237,150,-1,150,237,220,-1,150,220,169,-1,169,220,223,-1,169,223,167,-1,167,223,225,-1,167,225,165,-1,165,225,227,-1,165,227,163,-1,163,227,229,-1,163,229,161,-1,161,229,231,-1,161,231,159,-1,159,231,233,-1,159,233,156,-1,190,186,198,-1,198,186,189,-1,198,189,203,-1,203,189,170,-1,203,170,200,-1,200,170,173,-1,200,173,219,-1,219,173,175,-1,219,175,217,-1,217,175,177,-1,217,177,215,-1,215,177,179,-1,215,179,213,-1,213,179,181,-1,213,181,211,-1,211,181,183,-1,211,183,209,-1,209,183,185,-1,209,185,207,-1,207,185,156,-1,207,156,204,-1,204,156,233,-1,
        ]
    }
}
Shape{
    appearance Appearance {
        material  Material 	{
            diffuseColor 0.2235294117647059 0.2235294117647059 0.2235294117647059
            specularColor 0.11372549019607843 0.11372549019607843 0.11372549019607843
            ambientIntensity 0.2235
            transparency 0.0
            shininess 0.5
        }
    }
    geometry IndexedFaceSet {
        ccw TRUE
        solid FALSE
        coord DEF co Coordinate {
            point [
                0.0702 0.0043 0.1575, 0.0686 -0.0124 0.1575, 0.0921 0.0306 0.1575, 0.1101 -0.0498 0.1575, 0.113 -0.0388 0.1575, 0.0691 -0.0323 0.1575, 0.1145 -0.0225 0.1575, 0.0685 -0.0185 0.1575, 0.1145 -0.0177 0.1575, 0.1139 -0.0029 0.1575, 0.1115 0.0115 0.1575, 0.1037 0.0261 0.1575, 0.1007 0.0284 0.1575, 0.0732 0.0156 0.1575, 0.0972 0.0299 0.1575, 0.0932 0.0306 0.1575, 0.1086 0.0191 0.1575, 0.1055 0.0241 0.1575, 0.0744 -0.0533 0.1575, 0.0776 -0.0581 0.1575, 0.0809 -0.0611 0.1575, 0.1001 -0.0625 0.1575, 0.1035 -0.0601 0.1575, 0.1068 -0.0563 0.1575, 0.0872 0.03 0.1575, 0.0835 0.0286 0.1575, 0.0844 -0.0631 0.1575, 0.0885 -0.0642 0.1575, 0.0712 -0.0446 0.1575, 0.0917 -0.0645 0.1575, 0.0964 -0.0639 0.1575, 0.08 0.0262 0.1575, 0.0767 0.0223 0.1575
            ]
        }
        coordIndex [
            0,1,2,-1,3,4,5,-1,5,4,6,-1,5,6,7,-1,7,6,8,-1,7,8,1,-1,1,8,9,-1,1,9,10,-1,1,11,12,-1,0,2,13,-1,12,14,1,-1,1,14,15,-1,1,15,2,-1,10,16,1,-1,1,16,17,-1,1,17,11,-1,18,19,20,-1,21,22,5,-1,5,22,23,-1,5,23,3,-1,2,24,25,-1,20,26,18,-1,18,26,27,-1,18,27,28,-1,28,27,29,-1,28,29,5,-1,5,29,30,-1,5,30,21,-1,25,31,2,-1,2,31,32,-1,2,32,13,-1,
        ]
    }
}
Shape{
    appearance Appearance {
        material  Material 	{
            diffuseColor 1.0 1.0 1.0
            specularColor 0.5019607843137255 0.5019607843137255 0.5019607843137255
            ambientIntensity 1.0
            transparency 0.0
            shininess 0.5
        }
    }
    geometry IndexedFaceSet {
        ccw TRUE
        solid FALSE
        coord DEF co Coordinate {
            point [
                -0.3937 -0.0194 0.0079, -0.3029 -0.1683 0.0079, -0.31 -0.1713 0.0079, -0.3161 -0.176 0.0079, -0.3208 -0.1821 0.0079, -0.3937 -0.1969 0.0079, -0.3238 -0.1892 0.0079, -0.3248 -0.1969 0.0079, -0.0728 -0.1821 0.0079, -0.026 -0.0194 0.0079, -0.0699 -0.1892 0.0079, -0.026 -0.1969 0.0079, -0.0689 -0.1969 0.0079, -0.0984 -0.1673 0.0079, -0.106 -0.1683 0.0079, -0.0419 -0.0194 0.0079, -0.1131 -0.1713 0.0079, -0.2744 -0.176 0.0079, -0.1193 -0.176 0.0079, -0.2697 -0.1821 0.0079, -0.2667 -0.1892 0.0079, -0.2805 -0.1713 0.0079, -0.2876 -0.1683 0.0079, -0.2952 -0.1673 0.0079, -0.0391 -0.0197 0.0079, -0.0836 -0.1713 0.0079, -0.0907 -0.1683 0.0079, -0.0775 -0.176 0.0079, -0.0356 -0.0194 0.0079, -0.1279 -0.1969 0.0079, -0.2657 -0.1969 0.0079, -0.1269 -0.1892 0.0079, -0.124 -0.1821 0.0079, 0.3937 -0.1969 0.0079, 0.3248 -0.1969 0.0079, 0.3238 -0.1892 0.0079, 0.3937 -0.0194 0.0079, 0.3209 -0.1821 0.0079, 0.3162 -0.176 0.0079, 0.2806 -0.1713 0.0079, 0.2744 -0.176 0.0079, 0.0837 -0.1713 0.0079, 0.0776 -0.176 0.0079, 0.0729 -0.1821 0.0079, 0.0699 -0.1892 0.0079, 0.0689 -0.1969 0.0079, 0.2877 -0.1683 0.0079, 0.3101 -0.1713 0.0079, 0.303 -0.1683 0.0079, 0.2953 -0.1673 0.0079, 0.1061 -0.1683 0.0079, 0.0985 -0.1673 0.0079, 0.0908 -0.1683 0.0079, 0.1132 -0.1713 0.0079, 0.1193 -0.176 0.0079, 0.2658 -0.1969 0.0079, 0.128 -0.1969 0.0079, 0.2668 -0.1892 0.0079, 0.127 -0.1892 0.0079, 0.2697 -0.1821 0.0079, 0.124 -0.1821 0.0079, 0.0309 0.0159 0.0079, 0.0269 0.0183 0.0079, -0.026 0.1968 0.0079, 0.127 0.1892 0.0079, 0.128 0.1968 0.0079, 0.2658 0.1968 0.0079, 0.0689 0.1968 0.0079, 0.0699 0.1892 0.0079, 0.0223 0.0197 0.0079, 0.0173 0.0202 0.0079, 0.0066 0.0202 0.0079, 0.0985 0.1673 0.0079, 0.1061 0.1683 0.0079, 0.047 0.0202 0.0079, -0.0169 -0.0149 0.0079, -0.0169 -0.0019 0.0079, -0.002 -0.0149 0.0079, -0.003 -0.0019 0.0079, -0.003 0.0024 0.0079, 0.0066 -0.0192 0.0079, 0.3101 0.1713 0.0079, 0.3162 0.176 0.0079, 0.3937 0.1968 0.0079, 0.1132 0.1713 0.0079, 0.1193 0.176 0.0079, 0.124 0.1821 0.0079, 0.0383 -0.0 0.0079, 0.0378 0.0052 0.0079, 0.0412 0.0202 0.0079, 0.0364 0.0094 0.0079, 0.0342 0.0128 0.0079, 0.3209 0.1821 0.0079, 0.3238 0.1892 0.0079, 0.3248 0.1968 0.0079, 0.067 0.0091 0.0079, 0.0507 0.0091 0.0079, 0.071 0.0202 0.0079, 0.0234 -0.0186 0.0079, 0.028 -0.017 0.0079, 0.0561 -0.0192 0.0079, 0.0319 -0.0144 0.0079, 0.0382 -0.002 0.0079, 0.0375 -0.0061 0.0079, 0.0614 -0.0192 0.0079, -0.0169 0.0024 0.0079, -0.0169 0.0158 0.0079, -0.001 0.0158 0.0079, -0.001 0.0202 0.0079, -0.0222 0.0202 0.0079, -0.0222 -0.0192 0.0079, -0.002 -0.0192 0.0079, 0.0729 0.1821 0.0079, 0.0335 -0.013 0.0079, 0.0358 -0.0099 0.0079, 0.2668 0.1892 0.0079, 0.2697 0.1821 0.0079, 0.0767 0.0202 0.0079, 0.2744 0.176 0.0079, 0.2806 0.1713 0.0079, 0.2877 0.1683 0.0079, 0.2953 0.1673 0.0079, 0.303 0.1683 0.0079, 0.0776 0.176 0.0079, 0.0837 0.1713 0.0079, 0.0908 0.1683 0.0079, 0.0177 -0.0192 0.0079, -0.2667 0.1892 0.0079, -0.2657 0.1968 0.0079, -0.0827 0.0202 0.0079, -0.0344 -0.0194 0.0079, -0.0299 -0.0181 0.0079, -0.0299 -0.0128 0.0079, -0.0391 -0.0154 0.0079, -0.0306 0.0142 0.0079, -0.0343 -0.0147 0.0079, -0.0299 0.0138 0.0079, -0.3208 0.1821 0.0079, -0.3238 0.1892 0.0079, -0.3937 0.1968 0.0079, -0.3248 0.1968 0.0079, -0.3161 0.176 0.0079, -0.31 0.1713 0.0079, -0.3029 0.1683 0.0079, -0.0494 0.0188 0.0079, -0.0526 0.0168 0.0079, -0.0625 0.0158 0.0079, -0.0341 0.0198 0.0079, -0.0299 0.0181 0.0079, -0.1279 0.1968 0.0079, -0.1269 0.1892 0.0079, -0.0689 0.1968 0.0079, -0.0699 0.1892 0.0079, -0.0728 0.1821 0.0079, -0.043 -0.0149 0.0079, -0.0459 -0.0139 0.0079, -0.0487 -0.012 0.0079, -0.051 -0.0094 0.0079, -0.0526 -0.0063 0.0079, -0.0537 -0.0021 0.0079, -0.0539 0.0009 0.0079, -0.0535 0.0052 0.0079, -0.0524 0.0085 0.0079, -0.04 0.0163 0.0079, -0.0489 0.0132 0.0079, -0.0436 0.0159 0.0079, -0.0465 0.0148 0.0079, -0.0508 0.0113 0.0079, -0.0347 0.0157 0.0079, -0.2952 0.1673 0.0079, -0.2876 0.1683 0.0079, -0.0827 -0.0192 0.0079, -0.0774 -0.0192 0.0079, -0.0774 0.0158 0.0079, -0.0547 -0.0126 0.0079, -0.0513 -0.0159 0.0079, -0.0476 -0.018 0.0079, -0.0554 0.0137 0.0079, -0.0575 0.01 0.0079, -0.0588 0.0058 0.0079, -0.2805 0.1713 0.0079, -0.2744 0.176 0.0079, -0.2697 0.1821 0.0079, -0.0433 -0.0193 0.0079, -0.0591 0.0012 0.0079, -0.0586 -0.0044 0.0079, -0.0571 -0.0089 0.0079, -0.0625 0.0202 0.0079, -0.0836 0.1713 0.0079, -0.0775 0.176 0.0079, -0.0396 0.0206 0.0079, -0.0407 0.0206 0.0079, -0.0455 0.0201 0.0079, -0.124 0.1821 0.0079, -0.1193 0.176 0.0079, -0.1131 0.1713 0.0079, -0.106 0.1683 0.0079, -0.0984 0.1673 0.0079, -0.0907 0.1683 0.0079, -0.3937 0.1968 0.1417, -0.3937 -0.1969 0.1417, -0.3248 -0.1969 0.1417, -0.3238 -0.1892 0.1417, -0.3208 -0.1821 0.1417, -0.3161 -0.176 0.1417, -0.31 -0.1713 0.1417, -0.3029 -0.1683 0.1417, -0.2952 -0.1673 0.1417, -0.2876 -0.1683 0.1417, -0.2805 -0.1713 0.1417, -0.2744 -0.176 0.1417, -0.2697 -0.1821 0.1417, -0.2667 -0.1892 0.1417, -0.2657 -0.1969 0.1417, -0.1279 -0.1969 0.1417, -0.1269 -0.1892 0.1417, -0.124 -0.1821 0.1417, -0.1193 -0.176 0.1417, -0.1131 -0.1713 0.1417, -0.106 -0.1683 0.1417, -0.0984 -0.1673 0.1417, -0.0907 -0.1683 0.1417, -0.0836 -0.1713 0.1417, -0.0775 -0.176 0.1417, -0.0728 -0.1821 0.1417, -0.0699 -0.1892 0.1417, -0.0689 -0.1969 0.1417, 0.0689 -0.1969 0.1417, 0.0699 -0.1892 0.1417, 0.0729 -0.1821 0.1417, 0.0776 -0.176 0.1417, 0.0837 -0.1713 0.1417, 0.0908 -0.1683 0.1417, 0.0985 -0.1673 0.1417, 0.1061 -0.1683 0.1417, 0.1132 -0.1713 0.1417, 0.1193 -0.176 0.1417, 0.124 -0.1821 0.1417, 0.127 -0.1892 0.1417, 0.128 -0.1969 0.1417, 0.2658 -0.1969 0.1417, 0.2668 -0.1892 0.1417, 0.2697 -0.1821 0.1417, 0.2744 -0.176 0.1417, 0.2806 -0.1713 0.1417, 0.2877 -0.1683 0.1417, 0.2953 -0.1673 0.1417, 0.303 -0.1683 0.1417, 0.3101 -0.1713 0.1417, 0.3162 -0.176 0.1417, 0.3209 -0.1821 0.1417, 0.3238 -0.1892 0.1417, 0.3248 -0.1969 0.1417, 0.3937 -0.1969 0.1417, 0.3937 0.1968 0.1417, 0.3248 0.1968 0.1417, 0.3238 0.1892 0.1417, 0.3209 0.1821 0.1417, 0.3162 0.176 0.1417, 0.3101 0.1713 0.1417, 0.303 0.1683 0.1417, 0.2953 0.1673 0.1417, 0.2877 0.1683 0.1417, 0.2806 0.1713 0.1417, 0.2744 0.176 0.1417, 0.2697 0.1821 0.1417, 0.2668 0.1892 0.1417, 0.2658 0.1968 0.1417, 0.128 0.1968 0.1417, 0.127 0.1892 0.1417, 0.124 0.1821 0.1417, 0.1193 0.176 0.1417, 0.1132 0.1713 0.1417, 0.1061 0.1683 0.1417, 0.0985 0.1673 0.1417, 0.0908 0.1683 0.1417, 0.0837 0.1713 0.1417, 0.0776 0.176 0.1417, 0.0729 0.1821 0.1417, 0.0699 0.1892 0.1417, 0.0689 0.1968 0.1417, -0.0689 0.1968 0.1417, -0.0699 0.1892 0.1417, -0.0728 0.1821 0.1417, -0.0775 0.176 0.1417, -0.0836 0.1713 0.1417, -0.0907 0.1683 0.1417, -0.0984 0.1673 0.1417, -0.106 0.1683 0.1417, -0.1131 0.1713 0.1417, -0.1193 0.176 0.1417, -0.124 0.1821 0.1417, -0.1269 0.1892 0.1417, -0.1279 0.1968 0.1417, -0.2657 0.1968 0.1417, -0.2667 0.1892 0.1417, -0.2697 0.1821 0.1417, -0.2744 0.176 0.1417, -0.2805 0.1713 0.1417, -0.2876 0.1683 0.1417, -0.2952 0.1673 0.1417, -0.3029 0.1683 0.1417, -0.31 0.1713 0.1417, -0.3161 0.176 0.1417, -0.3208 0.1821 0.1417, -0.3238 0.1892 0.1417, -0.3248 0.1968 0.1417
            ]
        }
        coordIndex [
            0,1,2,-1,2,3,0,-1,0,3,4,-1,0,4,5,-1,5,4,6,-1,5,6,7,-1,8,9,10,-1,10,9,11,-1,10,11,12,-1,13,14,15,-1,15,14,16,-1,15,16,17,-1,17,16,18,-1,17,18,19,-1,19,18,20,-1,17,21,15,-1,15,21,22,-1,15,22,0,-1,0,22,23,-1,0,23,1,-1,24,25,15,-1,15,25,26,-1,15,26,13,-1,8,27,9,-1,9,27,25,-1,9,25,28,-1,28,25,24,-1,29,30,31,-1,31,30,20,-1,31,20,32,-1,32,20,18,-1,33,34,35,-1,33,35,36,-1,36,35,37,-1,36,37,38,-1,39,40,9,-1,41,42,9,-1,9,42,43,-1,9,43,11,-1,11,43,44,-1,11,44,45,-1,39,9,46,-1,38,47,36,-1,36,47,48,-1,36,48,49,-1,50,51,9,-1,9,51,52,-1,9,52,41,-1,50,9,53,-1,53,9,40,-1,53,40,54,-1,55,56,57,-1,57,56,58,-1,40,59,54,-1,54,59,57,-1,54,57,60,-1,60,57,58,-1,61,62,63,-1,64,65,66,-1,63,67,68,-1,62,69,63,-1,63,69,70,-1,63,70,71,-1,72,73,74,-1,75,76,77,-1,77,76,78,-1,79,71,78,-1,78,71,80,-1,78,80,77,-1,81,82,83,-1,73,84,74,-1,74,84,85,-1,74,85,86,-1,87,88,89,-1,89,88,90,-1,89,90,91,-1,82,92,83,-1,83,92,93,-1,83,93,94,-1,95,96,97,-1,97,96,74,-1,97,74,66,-1,66,74,86,-1,66,86,64,-1,98,99,100,-1,100,99,101,-1,87,89,102,-1,102,89,100,-1,102,100,103,-1,9,100,104,-1,105,106,79,-1,79,106,107,-1,79,107,71,-1,71,107,108,-1,71,108,63,-1,63,108,109,-1,63,109,9,-1,9,109,110,-1,9,110,111,-1,68,112,63,-1,63,112,89,-1,63,89,61,-1,61,89,91,-1,101,113,100,-1,100,113,114,-1,100,114,103,-1,66,115,97,-1,97,115,116,-1,97,116,117,-1,117,116,118,-1,117,118,119,-1,119,120,117,-1,117,120,121,-1,117,121,122,-1,112,123,89,-1,89,123,124,-1,89,124,74,-1,74,124,125,-1,74,125,72,-1,122,81,117,-1,117,81,83,-1,117,83,104,-1,104,83,36,-1,104,36,9,-1,9,36,49,-1,9,49,46,-1,98,100,126,-1,126,100,9,-1,126,9,80,-1,80,9,111,-1,80,111,77,-1,127,128,129,-1,28,130,9,-1,9,130,131,-1,9,131,132,-1,133,134,135,-1,135,134,136,-1,137,0,138,-1,138,0,139,-1,138,139,140,-1,137,141,0,-1,0,141,142,-1,0,142,143,-1,144,145,146,-1,147,63,148,-1,148,63,9,-1,148,9,136,-1,136,9,132,-1,136,132,135,-1,128,149,150,-1,151,63,152,-1,152,63,153,-1,133,154,134,-1,134,154,155,-1,134,155,156,-1,156,157,134,-1,134,157,158,-1,134,158,159,-1,159,160,134,-1,134,160,161,-1,134,161,162,-1,163,164,165,-1,165,164,166,-1,162,167,134,-1,134,167,164,-1,134,164,168,-1,168,164,163,-1,169,170,171,-1,172,173,146,-1,174,175,172,-1,172,175,176,-1,145,177,146,-1,146,177,178,-1,146,178,179,-1,170,180,171,-1,171,180,181,-1,171,181,129,-1,129,181,182,-1,129,182,127,-1,143,169,0,-1,0,169,171,-1,0,171,15,-1,15,171,172,-1,15,172,183,-1,183,172,176,-1,179,184,146,-1,146,184,185,-1,146,185,172,-1,172,185,186,-1,172,186,174,-1,187,188,189,-1,147,190,63,-1,63,190,191,-1,63,191,192,-1,144,146,192,-1,192,146,187,-1,192,187,63,-1,63,187,189,-1,63,189,153,-1,150,193,128,-1,128,193,194,-1,128,194,129,-1,129,194,195,-1,195,196,129,-1,129,196,197,-1,129,197,187,-1,187,197,198,-1,187,198,188,-1,199,139,200,-1,200,139,0,-1,200,0,5,-1,201,200,7,-1,7,200,5,-1,201,7,202,-1,202,7,6,-1,202,6,203,-1,203,6,4,-1,203,4,204,-1,204,4,3,-1,204,3,205,-1,205,3,2,-1,205,2,206,-1,206,2,1,-1,206,1,207,-1,207,1,23,-1,207,23,208,-1,208,23,22,-1,208,22,209,-1,209,22,21,-1,209,21,210,-1,210,21,17,-1,210,17,211,-1,211,17,19,-1,211,19,212,-1,212,19,20,-1,212,20,213,-1,213,20,30,-1,214,213,29,-1,29,213,30,-1,214,29,215,-1,215,29,31,-1,215,31,216,-1,216,31,32,-1,216,32,217,-1,217,32,18,-1,217,18,218,-1,218,18,16,-1,218,16,219,-1,219,16,14,-1,219,14,220,-1,220,14,13,-1,220,13,221,-1,221,13,26,-1,221,26,222,-1,222,26,25,-1,222,25,223,-1,223,25,27,-1,223,27,224,-1,224,27,8,-1,224,8,225,-1,225,8,10,-1,225,10,226,-1,226,10,12,-1,45,227,11,-1,11,227,226,-1,11,226,12,-1,227,45,228,-1,228,45,44,-1,228,44,229,-1,229,44,43,-1,229,43,230,-1,230,43,42,-1,230,42,231,-1,231,42,41,-1,231,41,232,-1,232,41,52,-1,232,52,233,-1,233,52,51,-1,233,51,234,-1,234,51,50,-1,234,50,235,-1,235,50,53,-1,235,53,236,-1,236,53,54,-1,236,54,237,-1,237,54,60,-1,237,60,238,-1,238,60,58,-1,238,58,239,-1,239,58,56,-1,240,239,55,-1,55,239,56,-1,240,55,241,-1,241,55,57,-1,241,57,242,-1,242,57,59,-1,242,59,243,-1,243,59,40,-1,243,40,244,-1,244,40,39,-1,244,39,245,-1,245,39,46,-1,245,46,246,-1,246,46,49,-1,246,49,247,-1,247,49,48,-1,247,48,248,-1,248,48,47,-1,248,47,249,-1,249,47,38,-1,249,38,250,-1,250,38,37,-1,250,37,251,-1,251,37,35,-1,251,35,252,-1,252,35,34,-1,253,252,33,-1,33,252,34,-1,83,254,36,-1,36,254,253,-1,36,253,33,-1,255,254,94,-1,94,254,83,-1,255,94,256,-1,256,94,93,-1,256,93,257,-1,257,93,92,-1,257,92,258,-1,258,92,82,-1,258,82,259,-1,259,82,81,-1,259,81,260,-1,260,81,122,-1,260,122,261,-1,261,122,121,-1,261,121,262,-1,262,121,120,-1,262,120,263,-1,263,120,119,-1,263,119,264,-1,264,119,118,-1,264,118,265,-1,265,118,116,-1,265,116,266,-1,266,116,115,-1,266,115,267,-1,267,115,66,-1,268,267,65,-1,65,267,66,-1,268,65,269,-1,269,65,64,-1,269,64,270,-1,270,64,86,-1,270,86,271,-1,271,86,85,-1,271,85,272,-1,272,85,84,-1,272,84,273,-1,273,84,73,-1,273,73,274,-1,274,73,72,-1,274,72,275,-1,275,72,125,-1,275,125,276,-1,276,125,124,-1,276,124,277,-1,277,124,123,-1,277,123,278,-1,278,123,112,-1,278,112,279,-1,279,112,68,-1,279,68,280,-1,280,68,67,-1,151,281,63,-1,63,281,280,-1,63,280,67,-1,281,151,282,-1,282,151,152,-1,282,152,283,-1,283,152,153,-1,283,153,284,-1,284,153,189,-1,284,189,285,-1,285,189,188,-1,285,188,286,-1,286,188,198,-1,286,198,287,-1,287,198,197,-1,287,197,288,-1,288,197,196,-1,288,196,289,-1,289,196,195,-1,289,195,290,-1,290,195,194,-1,290,194,291,-1,291,194,193,-1,291,193,292,-1,292,193,150,-1,292,150,293,-1,293,150,149,-1,294,293,128,-1,128,293,149,-1,294,128,295,-1,295,128,127,-1,295,127,296,-1,296,127,182,-1,296,182,297,-1,297,182,181,-1,297,181,298,-1,298,181,180,-1,298,180,299,-1,299,180,170,-1,299,170,300,-1,300,170,169,-1,300,169,301,-1,301,169,143,-1,301,143,302,-1,302,143,142,-1,302,142,303,-1,303,142,141,-1,303,141,304,-1,304,141,137,-1,304,137,305,-1,305,137,138,-1,305,138,306,-1,306,138,140,-1,199,306,139,-1,139,306,140,-1,251,252,253,-1,254,255,256,-1,230,231,264,-1,201,202,200,-1,200,202,203,-1,200,203,199,-1,199,203,204,-1,204,205,199,-1,199,205,206,-1,199,206,207,-1,217,218,210,-1,210,218,219,-1,210,219,209,-1,209,219,199,-1,209,199,208,-1,208,199,207,-1,219,220,199,-1,199,220,221,-1,199,221,229,-1,229,221,222,-1,229,222,223,-1,225,226,227,-1,231,232,264,-1,264,232,233,-1,264,233,234,-1,266,267,268,-1,306,199,305,-1,305,199,304,-1,280,281,279,-1,279,281,282,-1,282,283,279,-1,279,283,284,-1,279,284,285,-1,213,214,212,-1,212,214,215,-1,210,211,217,-1,217,211,212,-1,217,212,216,-1,216,212,215,-1,223,224,229,-1,229,224,225,-1,229,225,228,-1,228,225,227,-1,260,261,236,-1,236,261,262,-1,236,262,235,-1,236,243,254,-1,254,243,244,-1,244,245,254,-1,254,245,246,-1,254,246,247,-1,247,248,254,-1,254,248,249,-1,254,249,253,-1,253,249,250,-1,253,250,251,-1,256,257,254,-1,254,257,258,-1,254,258,236,-1,236,258,259,-1,236,259,260,-1,239,240,238,-1,238,240,241,-1,236,237,243,-1,243,237,238,-1,243,238,242,-1,242,238,241,-1,293,294,292,-1,292,294,295,-1,292,295,291,-1,291,295,290,-1,268,269,266,-1,266,269,270,-1,266,270,265,-1,265,270,271,-1,265,271,264,-1,264,271,229,-1,264,229,230,-1,285,286,279,-1,279,286,287,-1,279,287,278,-1,297,298,229,-1,229,298,299,-1,229,299,300,-1,300,301,229,-1,229,301,302,-1,229,302,199,-1,199,302,303,-1,199,303,304,-1,235,262,234,-1,234,262,263,-1,234,263,264,-1,271,272,229,-1,229,272,273,-1,229,273,274,-1,274,275,229,-1,229,275,276,-1,229,276,277,-1,288,229,287,-1,287,229,277,-1,287,277,278,-1,297,229,296,-1,296,229,288,-1,296,288,295,-1,295,288,289,-1,295,289,290,-1,
        ]
    }
}
Shape{
    appearance Appearance {
        material  Material 	{
            diffuseColor 0.2235294117647059 0.2235294117647059 0.2235294117647059
            specularColor 0.11372549019607843 0.11372549019607843 0.11372549019607843
            ambientIntensity 0.2235
            transparency 0.0
            shininess 0.5
        }
    }
    geometry IndexedFaceSet {
        ccw TRUE
        solid FALSE
        coord DEF co Coordinate {
            point [
                -0.0625 0.0158 0.0039, -0.0625 0.0202 0.0039, -0.0625 0.0158 0.0079, -0.0625 0.0202 0.0079, -0.0774 0.0158 0.0039, -0.0774 0.0158 0.0079, -0.0774 -0.0192 0.0039, -0.0774 -0.0192 0.0079, -0.0827 -0.0192 0.0039, -0.0827 -0.0192 0.0079, -0.0827 0.0202 0.0039, -0.0827 0.0202 0.0079, -0.0299 0.0138 0.0039, -0.0299 0.0181 0.0039, -0.0299 0.0138 0.0079, -0.0299 0.0181 0.0079, -0.0306 0.0142 0.0079, -0.0306 0.0142 0.0039, -0.0347 0.0157 0.0079, -0.0347 0.0157 0.0039, -0.04 0.0163 0.0079, -0.04 0.0163 0.0039, -0.0436 0.0159 0.0079, -0.0436 0.0159 0.0039, -0.0465 0.0148 0.0079, -0.0465 0.0148 0.0039, -0.0489 0.0132 0.0079, -0.0489 0.0132 0.0039, -0.0508 0.0113 0.0079, -0.0508 0.0113 0.0039, -0.0524 0.0085 0.0079, -0.0524 0.0085 0.0039, -0.0535 0.0052 0.0079, -0.0535 0.0052 0.0039, -0.0539 0.0009 0.0079, -0.0539 0.0009 0.0039, -0.0537 -0.0021 0.0079, -0.0537 -0.0021 0.0039, -0.0526 -0.0063 0.0079, -0.0526 -0.0063 0.0039, -0.051 -0.0094 0.0079, -0.051 -0.0094 0.0039, -0.0487 -0.012 0.0079, -0.0487 -0.012 0.0039, -0.0459 -0.0139 0.0079, -0.0459 -0.0139 0.0039, -0.043 -0.0149 0.0079, -0.043 -0.0149 0.0039, -0.0391 -0.0154 0.0079, -0.0391 -0.0154 0.0039, -0.0343 -0.0147 0.0079, -0.0343 -0.0147 0.0039, -0.0299 -0.0128 0.0079, -0.0299 -0.0128 0.0039, -0.0299 -0.0181 0.0039, -0.0299 -0.0181 0.0079, -0.0391 -0.0197 0.0079, -0.0391 -0.0197 0.0039, -0.0356 -0.0194 0.0079, -0.0344 -0.0194 0.0039, -0.0344 -0.0194 0.0079, -0.0419 -0.0194 0.0079, -0.0433 -0.0193 0.0039, -0.0433 -0.0193 0.0079, -0.0476 -0.018 0.0079, -0.0476 -0.018 0.0039, -0.0513 -0.0159 0.0079, -0.0513 -0.0159 0.0039, -0.0547 -0.0126 0.0079, -0.0547 -0.0126 0.0039, -0.0571 -0.0089 0.0079, -0.0571 -0.0089 0.0039, -0.0586 -0.0044 0.0079, -0.0586 -0.0044 0.0039, -0.0591 0.0012 0.0079, -0.0591 0.0012 0.0039, -0.0588 0.0058 0.0079, -0.0588 0.0058 0.0039, -0.0575 0.01 0.0079, -0.0575 0.01 0.0039, -0.0554 0.0137 0.0079, -0.0554 0.0137 0.0039, -0.0526 0.0168 0.0079, -0.0526 0.0168 0.0039, -0.0494 0.0188 0.0079, -0.0494 0.0188 0.0039, -0.0455 0.0201 0.0079, -0.0455 0.0201 0.0039, -0.0407 0.0206 0.0079, -0.0407 0.0206 0.0039, -0.0396 0.0206 0.0079, -0.0396 0.0206 0.0039, -0.0341 0.0198 0.0079, -0.0341 0.0198 0.0039, -0.001 0.0158 0.0039, -0.001 0.0202 0.0039, -0.001 0.0158 0.0079, -0.001 0.0202 0.0079, -0.0169 0.0158 0.0039, -0.0169 0.0158 0.0079, -0.0169 0.0024 0.0039, -0.0169 0.0024 0.0079, -0.003 0.0024 0.0039, -0.003 0.0024 0.0079, -0.003 -0.0019 0.0039, -0.003 -0.0019 0.0079, -0.0169 -0.0019 0.0039, -0.0169 -0.0019 0.0079, -0.0169 -0.0149 0.0039, -0.0169 -0.0149 0.0079, -0.002 -0.0149 0.0039, -0.002 -0.0149 0.0079, -0.002 -0.0192 0.0039, -0.002 -0.0192 0.0079, -0.0222 -0.0192 0.0039, -0.0222 -0.0192 0.0079, -0.0222 0.0202 0.0039, -0.0222 0.0202 0.0079, 0.0378 0.0052 0.0039, 0.0383 -0.0 0.0039, 0.033 0.0001 0.0039, 0.0382 -0.002 0.0039, 0.0327 -0.0038 0.0039, 0.0375 -0.0061 0.0039, 0.0318 -0.0069 0.0039, 0.0358 -0.0099 0.0039, 0.0304 -0.0094 0.0039, 0.0335 -0.013 0.0039, 0.0285 -0.0114 0.0039, 0.0319 -0.0144 0.0039, 0.0257 -0.0132 0.0039, 0.028 -0.017 0.0039, 0.0224 -0.0144 0.0039, 0.0234 -0.0186 0.0039, 0.0177 -0.0149 0.0039, 0.0177 -0.0192 0.0039, 0.0119 -0.0149 0.0039, 0.0066 -0.0192 0.0039, 0.0119 0.0158 0.0039, 0.0066 0.0202 0.0039, 0.0175 0.0158 0.0039, 0.0173 0.0202 0.0039, 0.0217 0.0155 0.0039, 0.0223 0.0197 0.0039, 0.025 0.0144 0.0039, 0.0269 0.0183 0.0039, 0.0276 0.0128 0.0039, 0.0309 0.0159 0.0039, 0.0299 0.0106 0.0039, 0.0342 0.0128 0.0039, 0.0315 0.008 0.0039, 0.0364 0.0094 0.0039, 0.0326 0.0048 0.0039, 0.0173 0.0202 0.0079, 0.0066 0.0202 0.0079, 0.0223 0.0197 0.0079, 0.0269 0.0183 0.0079, 0.0309 0.0159 0.0079, 0.0342 0.0128 0.0079, 0.0364 0.0094 0.0079, 0.0378 0.0052 0.0079, 0.0383 -0.0 0.0079, 0.0382 -0.002 0.0079, 0.0375 -0.0061 0.0079, 0.0358 -0.0099 0.0079, 0.0335 -0.013 0.0079, 0.0319 -0.0144 0.0079, 0.028 -0.017 0.0079, 0.0234 -0.0186 0.0079, 0.0177 -0.0192 0.0079, 0.0066 -0.0192 0.0079, 0.0177 -0.0149 0.0079, 0.0119 -0.0149 0.0079, 0.0119 0.0158 0.0079, 0.0175 0.0158 0.0079, 0.033 0.0001 0.0079, 0.0326 0.0048 0.0079, 0.0315 0.008 0.0079, 0.0299 0.0106 0.0079, 0.0276 0.0128 0.0079, 0.025 0.0144 0.0079, 0.0217 0.0155 0.0079, 0.0224 -0.0144 0.0079, 0.0257 -0.0132 0.0079, 0.0285 -0.0114 0.0079, 0.0304 -0.0094 0.0079, 0.0318 -0.0069 0.0079, 0.0327 -0.0038 0.0079
            ]
        }
        coordIndex [
            0,1,2,-1,2,1,3,-1,4,0,5,-1,5,0,2,-1,6,4,7,-1,7,4,5,-1,8,6,9,-1,9,6,7,-1,10,8,11,-1,11,8,9,-1,1,10,3,-1,3,10,11,-1,6,8,4,-1,4,8,10,-1,4,10,0,-1,0,10,1,-1,12,13,14,-1,14,13,15,-1,12,14,16,-1,12,16,17,-1,17,16,18,-1,17,18,19,-1,19,18,20,-1,19,20,21,-1,21,20,22,-1,21,22,23,-1,23,22,24,-1,23,24,25,-1,25,24,26,-1,25,26,27,-1,27,26,28,-1,27,28,29,-1,29,28,30,-1,29,30,31,-1,31,30,32,-1,31,32,33,-1,33,32,34,-1,33,34,35,-1,35,34,36,-1,35,36,37,-1,37,36,38,-1,37,38,39,-1,39,38,40,-1,39,40,41,-1,41,40,42,-1,41,42,43,-1,43,42,44,-1,43,44,45,-1,45,44,46,-1,45,46,47,-1,47,46,48,-1,47,48,49,-1,49,48,50,-1,49,50,51,-1,51,50,52,-1,51,52,53,-1,54,53,55,-1,55,53,52,-1,56,57,58,-1,58,57,59,-1,58,59,60,-1,60,59,54,-1,60,54,55,-1,56,61,57,-1,57,61,62,-1,61,63,62,-1,62,63,64,-1,62,64,65,-1,65,64,66,-1,65,66,67,-1,67,66,68,-1,67,68,69,-1,69,68,70,-1,69,70,71,-1,71,70,72,-1,71,72,73,-1,73,72,74,-1,73,74,75,-1,75,74,76,-1,75,76,77,-1,77,76,78,-1,77,78,79,-1,79,78,80,-1,79,80,81,-1,81,80,82,-1,81,82,83,-1,83,82,84,-1,83,84,85,-1,85,84,86,-1,85,86,87,-1,87,86,88,-1,87,88,89,-1,89,88,90,-1,89,90,91,-1,91,90,92,-1,91,92,93,-1,93,92,15,-1,93,15,13,-1,23,89,21,-1,21,89,91,-1,21,91,19,-1,19,91,93,-1,19,93,17,-1,17,93,13,-1,17,13,12,-1,53,54,51,-1,51,54,59,-1,51,59,49,-1,49,59,57,-1,49,57,47,-1,47,57,62,-1,47,62,45,-1,45,62,65,-1,45,65,43,-1,43,65,67,-1,43,67,41,-1,41,67,69,-1,41,69,39,-1,39,69,71,-1,39,71,37,-1,37,71,73,-1,37,73,35,-1,35,73,75,-1,35,75,33,-1,33,75,77,-1,33,77,31,-1,31,77,79,-1,31,79,29,-1,29,79,81,-1,29,81,27,-1,27,81,83,-1,27,83,25,-1,25,83,85,-1,25,85,23,-1,23,85,87,-1,23,87,89,-1,94,95,96,-1,96,95,97,-1,98,94,99,-1,99,94,96,-1,100,98,101,-1,101,98,99,-1,102,100,103,-1,103,100,101,-1,104,102,105,-1,105,102,103,-1,106,104,107,-1,107,104,105,-1,108,106,109,-1,109,106,107,-1,110,108,111,-1,111,108,109,-1,112,110,113,-1,113,110,111,-1,114,112,115,-1,115,112,113,-1,116,114,117,-1,117,114,115,-1,95,116,97,-1,97,116,117,-1,116,95,94,-1,94,98,116,-1,116,98,100,-1,116,100,114,-1,110,112,108,-1,108,112,114,-1,108,114,106,-1,106,114,100,-1,106,100,104,-1,104,100,102,-1,118,119,120,-1,120,119,121,-1,120,121,122,-1,122,121,123,-1,122,123,124,-1,124,123,125,-1,124,125,126,-1,126,125,127,-1,126,127,128,-1,128,127,129,-1,128,129,130,-1,130,129,131,-1,130,131,132,-1,132,131,133,-1,132,133,134,-1,134,133,135,-1,134,135,136,-1,136,135,137,-1,136,137,138,-1,138,137,139,-1,138,139,140,-1,140,139,141,-1,140,141,142,-1,142,141,143,-1,142,143,144,-1,144,143,145,-1,144,145,146,-1,146,145,147,-1,146,147,148,-1,148,147,149,-1,148,149,150,-1,150,149,151,-1,150,151,152,-1,152,151,118,-1,152,118,120,-1,141,139,153,-1,153,139,154,-1,141,153,155,-1,141,155,143,-1,143,155,156,-1,143,156,145,-1,145,156,157,-1,145,157,147,-1,147,157,158,-1,147,158,149,-1,149,158,159,-1,149,159,151,-1,151,159,160,-1,151,160,118,-1,118,160,161,-1,118,161,119,-1,119,161,162,-1,119,162,121,-1,121,162,163,-1,121,163,123,-1,123,163,164,-1,123,164,125,-1,125,164,165,-1,125,165,127,-1,127,165,166,-1,127,166,129,-1,129,166,167,-1,129,167,131,-1,131,167,168,-1,131,168,133,-1,133,168,169,-1,133,169,135,-1,137,135,170,-1,170,135,169,-1,139,137,154,-1,154,137,170,-1,134,136,171,-1,171,136,172,-1,136,138,172,-1,172,138,173,-1,138,140,173,-1,173,140,174,-1,120,175,176,-1,120,176,152,-1,152,176,177,-1,152,177,150,-1,150,177,178,-1,150,178,148,-1,148,178,179,-1,148,179,146,-1,146,179,180,-1,146,180,144,-1,144,180,181,-1,144,181,142,-1,142,181,174,-1,142,174,140,-1,134,171,182,-1,134,182,132,-1,132,182,183,-1,132,183,130,-1,130,183,184,-1,130,184,128,-1,128,184,185,-1,128,185,126,-1,126,185,186,-1,126,186,124,-1,124,186,187,-1,124,187,122,-1,122,187,175,-1,122,175,120,-1,
        ]
    }
}
Shape{
    appearance Appearance {
        material  Material 	{
            diffuseColor 1.0 1.0 1.0
            specularColor 0.5019607843137255 0.5019607843137255 0.5019607843137255
            ambientIntensity 1.0
            transparency 0.0
            shininess 0.5
        }
    }
    geometry IndexedFaceSet {
        ccw TRUE
        solid FALSE
        coord DEF co Coordinate {
            point [
                0.0119 -0.0149 0.0079, 0.0119 0.0158 0.0079, 0.0177 -0.0149 0.0079, 0.0175 0.0158 0.0079, 0.0326 0.0048 0.0079, 0.033 0.0001 0.0079, 0.0327 -0.0038 0.0079, 0.0318 -0.0069 0.0079, 0.0224 -0.0144 0.0079, 0.0217 0.0155 0.0079, 0.025 0.0144 0.0079, 0.0276 0.0128 0.0079, 0.0304 -0.0094 0.0079, 0.0285 -0.0114 0.0079, 0.0257 -0.0132 0.0079, 0.0299 0.0106 0.0079, 0.0315 0.008 0.0079
            ]
        }
        coordIndex [
            0,1,2,-1,2,1,3,-1,4,5,2,-1,5,6,2,-1,2,6,7,-1,2,7,8,-1,3,9,2,-1,2,9,10,-1,2,10,11,-1,12,13,7,-1,7,13,14,-1,7,14,8,-1,11,15,2,-1,2,15,16,-1,2,16,4,-1,
        ]
    }
}
Shape{
    appearance Appearance {
        material  Material 	{
            diffuseColor 0.2235294117647059 0.2235294117647059 0.2235294117647059
            specularColor 0.11372549019607843 0.11372549019607843 0.11372549019607843
            ambientIntensity 0.2235
            transparency 0.0
            shininess 0.5
        }
    }
    geometry IndexedFaceSet {
        ccw TRUE
        solid FALSE
        coord DEF co Coordinate {
            point [
                0.0521 0.0048 0.0039, 0.0507 0.0091 0.0039, 0.0652 0.0048 0.0039, 0.067 0.0091 0.0039, 0.0579 -0.0116 0.0039, 0.0561 -0.0192 0.0039, 0.0412 0.0202 0.0039, 0.047 0.0202 0.0039, 0.0583 -0.013 0.0039, 0.0586 -0.0144 0.0039, 0.0614 -0.0192 0.0039, 0.0587 -0.0144 0.0039, 0.0589 -0.013 0.0039, 0.0593 -0.0116 0.0039, 0.0767 0.0202 0.0039, 0.071 0.0202 0.0039, 0.0614 -0.0192 0.0079, 0.0767 0.0202 0.0079, 0.0561 -0.0192 0.0079, 0.0412 0.0202 0.0079, 0.047 0.0202 0.0079, 0.0507 0.0091 0.0079, 0.067 0.0091 0.0079, 0.071 0.0202 0.0079, 0.0521 0.0048 0.0079, 0.0652 0.0048 0.0079, 0.0593 -0.0116 0.0079, 0.0587 -0.0144 0.0079, 0.0589 -0.013 0.0079, 0.0586 -0.0144 0.0079, 0.0579 -0.0116 0.0079, 0.0583 -0.013 0.0079
            ]
        }
        coordIndex [
            0,1,2,-1,2,1,3,-1,4,5,0,-1,0,5,6,-1,0,6,1,-1,1,6,7,-1,4,8,5,-1,5,8,9,-1,5,9,10,-1,10,9,11,-1,10,11,12,-1,12,13,10,-1,10,13,2,-1,10,2,14,-1,14,2,3,-1,14,3,15,-1,10,14,16,-1,16,14,17,-1,5,10,18,-1,18,10,16,-1,6,5,19,-1,19,5,18,-1,7,6,20,-1,20,6,19,-1,1,7,21,-1,21,7,20,-1,3,1,22,-1,22,1,21,-1,15,3,23,-1,23,3,22,-1,14,15,17,-1,17,15,23,-1,0,2,24,-1,24,2,25,-1,2,13,25,-1,25,13,26,-1,11,27,28,-1,11,28,12,-1,12,28,26,-1,12,26,13,-1,11,9,27,-1,27,9,29,-1,4,30,31,-1,4,31,8,-1,8,31,29,-1,8,29,9,-1,4,0,30,-1,30,0,24,-1,
        ]
    }
}
Shape{
    appearance Appearance {
        material  Material 	{
            diffuseColor 1.0 1.0 1.0
            specularColor 0.5019607843137255 0.5019607843137255 0.5019607843137255
            ambientIntensity 1.0
            transparency 0.0
            shininess 0.5
        }
    }
    geometry IndexedFaceSet {
        ccw TRUE
        solid FALSE
        coord DEF co Coordinate {
            point [
                0.0521 0.0048 0.0079, 0.0652 0.0048 0.0079, 0.0579 -0.0116 0.0079, 0.0593 -0.0116 0.0079, 0.0583 -0.013 0.0079, 0.0589 -0.013 0.0079, 0.0586 -0.0144 0.0079, 0.0587 -0.0144 0.0079
            ]
        }
        coordIndex [
            0,1,2,-1,2,1,3,-1,2,3,4,-1,4,3,5,-1,4,5,6,-1,6,5,7,-1,
        ]
    }
}
Shape{
    appearance Appearance {
        material  Material 	{
            diffuseColor 0.8235294117647058 0.8235294117647058 0.8235294117647058
            specularColor 0.4117647058823529 0.4117647058823529 0.4117647058823529
            ambientIntensity 0.8235
            transparency 0.0
            shininess 0.5
        }
    }
    geometry IndexedFaceSet {
        ccw TRUE
        solid FALSE
        coord DEF co Coordinate {
            point [
                -0.3248 -0.1969 0.1496, -0.3515 -0.1969 0.1496, -0.3248 -0.1969 0.1417, -0.3515 -0.1969 0.1417, -0.3244 -0.1925 0.1496, -0.3244 -0.1925 0.1417, -0.3235 -0.1882 0.1496, -0.3235 -0.1882 0.1417, -0.3218 -0.1841 0.1496, -0.3218 -0.1841 0.1417, -0.3196 -0.1802 0.1496, -0.3196 -0.1802 0.1417, -0.3169 -0.1768 0.1496, -0.3169 -0.1768 0.1417, -0.3136 -0.1738 0.1496, -0.3136 -0.1738 0.1417, -0.31 -0.1713 0.1496, -0.31 -0.1713 0.1417, -0.306 -0.1694 0.1496, -0.306 -0.1694 0.1417, -0.3018 -0.1681 0.1496, -0.3018 -0.1681 0.1417, -0.2974 -0.1674 0.1496, -0.2974 -0.1674 0.1417, -0.293 -0.1674 0.1496, -0.293 -0.1674 0.1417, -0.2887 -0.1681 0.1496, -0.2887 -0.1681 0.1417, -0.2844 -0.1694 0.1496, -0.2844 -0.1694 0.1417, -0.2805 -0.1713 0.1496, -0.2805 -0.1713 0.1417, -0.2768 -0.1738 0.1496, -0.2768 -0.1738 0.1417, -0.2736 -0.1768 0.1496, -0.2736 -0.1768 0.1417, -0.2708 -0.1802 0.1496, -0.2708 -0.1802 0.1417, -0.2686 -0.1841 0.1496, -0.2686 -0.1841 0.1417, -0.267 -0.1882 0.1496, -0.267 -0.1882 0.1417, -0.266 -0.1925 0.1496, -0.266 -0.1925 0.1417, -0.2657 -0.1969 0.1496, -0.2657 -0.1969 0.1417, -0.2401 -0.1969 0.1496, -0.2401 -0.1969 0.1417, -0.2401 -0.1181 0.1496, -0.2401 -0.1181 0.1417, -0.3515 -0.1181 0.1496, -0.3515 -0.1181 0.1417, -0.1279 -0.1969 0.1496, -0.1279 -0.1969 0.1417, -0.1276 -0.1925 0.1496, -0.1276 -0.1925 0.1417, -0.1266 -0.1882 0.1496, -0.1266 -0.1882 0.1417, -0.125 -0.1841 0.1496, -0.125 -0.1841 0.1417, -0.1228 -0.1802 0.1496, -0.1228 -0.1802 0.1417, -0.12 -0.1768 0.1496, -0.12 -0.1768 0.1417, -0.1168 -0.1738 0.1496, -0.1168 -0.1738 0.1417, -0.1131 -0.1713 0.1496, -0.1131 -0.1713 0.1417, -0.1092 -0.1694 0.1496, -0.1092 -0.1694 0.1417, -0.105 -0.1681 0.1496, -0.105 -0.1681 0.1417, -0.1006 -0.1674 0.1496, -0.1006 -0.1674 0.1417, -0.0962 -0.1674 0.1496, -0.0962 -0.1674 0.1417, -0.0918 -0.1681 0.1496, -0.0918 -0.1681 0.1417, -0.0876 -0.1694 0.1496, -0.0876 -0.1694 0.1417, -0.0836 -0.1713 0.1496, -0.0836 -0.1713 0.1417, -0.08 -0.1738 0.1496, -0.08 -0.1738 0.1417, -0.0767 -0.1768 0.1496, -0.0767 -0.1768 0.1417, -0.074 -0.1802 0.1496, -0.074 -0.1802 0.1417, -0.0718 -0.1841 0.1496, -0.0718 -0.1841 0.1417, -0.0702 -0.1882 0.1496, -0.0702 -0.1882 0.1417, -0.0692 -0.1925 0.1496, -0.0692 -0.1925 0.1417, -0.0689 -0.1969 0.1496, -0.0689 -0.1969 0.1417, -0.0433 -0.1969 0.1496, -0.0433 -0.1969 0.1417, -0.0433 -0.1181 0.1496, -0.0433 -0.1181 0.1417, -0.1535 -0.1181 0.1496, -0.1535 -0.1181 0.1417, -0.1535 -0.1969 0.1496, -0.1535 -0.1969 0.1417, 0.0689 -0.1969 0.1496, 0.0689 -0.1969 0.1417, 0.0693 -0.1925 0.1496, 0.0693 -0.1925 0.1417, 0.0702 -0.1882 0.1496, 0.0702 -0.1882 0.1417, 0.0719 -0.1841 0.1496, 0.0719 -0.1841 0.1417, 0.0741 -0.1802 0.1496, 0.0741 -0.1802 0.1417, 0.0768 -0.1768 0.1496, 0.0768 -0.1768 0.1417, 0.0801 -0.1738 0.1496, 0.0801 -0.1738 0.1417, 0.0837 -0.1713 0.1496, 0.0837 -0.1713 0.1417, 0.0877 -0.1694 0.1496, 0.0877 -0.1694 0.1417, 0.0919 -0.1681 0.1496, 0.0919 -0.1681 0.1417, 0.0963 -0.1674 0.1496, 0.0963 -0.1674 0.1417, 0.1007 -0.1674 0.1496, 0.1007 -0.1674 0.1417, 0.105 -0.1681 0.1496, 0.105 -0.1681 0.1417, 0.1093 -0.1694 0.1496, 0.1093 -0.1694 0.1417, 0.1132 -0.1713 0.1496, 0.1132 -0.1713 0.1417, 0.1169 -0.1738 0.1496, 0.1169 -0.1738 0.1417, 0.1201 -0.1768 0.1496, 0.1201 -0.1768 0.1417, 0.1229 -0.1802 0.1496, 0.1229 -0.1802 0.1417, 0.1251 -0.1841 0.1496, 0.1251 -0.1841 0.1417, 0.1267 -0.1882 0.1496, 0.1267 -0.1882 0.1417, 0.1277 -0.1925 0.1496, 0.1277 -0.1925 0.1417, 0.128 -0.1969 0.1496, 0.128 -0.1969 0.1417, 0.1536 -0.1969 0.1496, 0.1536 -0.1969 0.1417, 0.1536 -0.1181 0.1496, 0.1536 -0.1181 0.1417, 0.0433 -0.1181 0.1496, 0.0433 -0.1181 0.1417, 0.0433 -0.1969 0.1496, 0.0433 -0.1969 0.1417, 0.2658 -0.1969 0.1496, 0.2658 -0.1969 0.1417, 0.2661 -0.1925 0.1496, 0.2661 -0.1925 0.1417, 0.2671 -0.1882 0.1496, 0.2671 -0.1882 0.1417, 0.2687 -0.1841 0.1496, 0.2687 -0.1841 0.1417, 0.2709 -0.1802 0.1496, 0.2709 -0.1802 0.1417, 0.2737 -0.1768 0.1496, 0.2737 -0.1768 0.1417, 0.2769 -0.1738 0.1496, 0.2769 -0.1738 0.1417, 0.2806 -0.1713 0.1496, 0.2806 -0.1713 0.1417, 0.2845 -0.1694 0.1496, 0.2845 -0.1694 0.1417, 0.2887 -0.1681 0.1496, 0.2887 -0.1681 0.1417, 0.2931 -0.1674 0.1496, 0.2931 -0.1674 0.1417, 0.2975 -0.1674 0.1496, 0.2975 -0.1674 0.1417, 0.3019 -0.1681 0.1496, 0.3019 -0.1681 0.1417, 0.3061 -0.1694 0.1496, 0.3061 -0.1694 0.1417, 0.3101 -0.1713 0.1496, 0.3101 -0.1713 0.1417, 0.3137 -0.1738 0.1496, 0.3137 -0.1738 0.1417, 0.317 -0.1768 0.1496, 0.317 -0.1768 0.1417, 0.3197 -0.1802 0.1496, 0.3197 -0.1802 0.1417, 0.3219 -0.1841 0.1496, 0.3219 -0.1841 0.1417, 0.3235 -0.1882 0.1496, 0.3235 -0.1882 0.1417, 0.3245 -0.1925 0.1496, 0.3245 -0.1925 0.1417, 0.3248 -0.1969 0.1496, 0.3248 -0.1969 0.1417, 0.3504 -0.1969 0.1496, 0.3504 -0.1969 0.1417, 0.3504 -0.1181 0.1496, 0.3504 -0.1181 0.1417, 0.2402 -0.1181 0.1496, 0.2402 -0.1181 0.1417, 0.2402 -0.1969 0.1496, 0.2402 -0.1969 0.1417, 0.3248 0.1968 0.1496, 0.3248 0.1968 0.1417, 0.3245 0.1924 0.1496, 0.3245 0.1924 0.1417, 0.3235 0.1881 0.1496, 0.3235 0.1881 0.1417, 0.3219 0.184 0.1496, 0.3219 0.184 0.1417, 0.3197 0.1802 0.1496, 0.3197 0.1802 0.1417, 0.317 0.1767 0.1496, 0.317 0.1767 0.1417, 0.3137 0.1737 0.1496, 0.3137 0.1737 0.1417, 0.3101 0.1713 0.1496, 0.3101 0.1713 0.1417, 0.3061 0.1693 0.1496, 0.3061 0.1693 0.1417, 0.3019 0.168 0.1496, 0.3019 0.168 0.1417, 0.2975 0.1674 0.1496, 0.2975 0.1674 0.1417, 0.2931 0.1674 0.1496, 0.2931 0.1674 0.1417, 0.2887 0.168 0.1496, 0.2887 0.168 0.1417, 0.2845 0.1693 0.1496, 0.2845 0.1693 0.1417, 0.2806 0.1713 0.1496, 0.2806 0.1713 0.1417, 0.2769 0.1737 0.1496, 0.2769 0.1737 0.1417, 0.2737 0.1767 0.1496, 0.2737 0.1767 0.1417, 0.2709 0.1802 0.1496, 0.2709 0.1802 0.1417, 0.2687 0.184 0.1496, 0.2687 0.184 0.1417, 0.2671 0.1881 0.1496, 0.2671 0.1881 0.1417, 0.2661 0.1924 0.1496, 0.2661 0.1924 0.1417, 0.2658 0.1968 0.1496, 0.2658 0.1968 0.1417, 0.2402 0.1968 0.1496, 0.2402 0.1968 0.1417, 0.2402 0.1181 0.1496, 0.2402 0.1181 0.1417, 0.3504 0.1181 0.1496, 0.3504 0.1181 0.1417, 0.3504 0.1968 0.1496, 0.3504 0.1968 0.1417, 0.128 0.1968 0.1496, 0.128 0.1968 0.1417, 0.1277 0.1924 0.1496, 0.1277 0.1924 0.1417, 0.1267 0.1881 0.1496, 0.1267 0.1881 0.1417, 0.1251 0.184 0.1496, 0.1251 0.184 0.1417, 0.1229 0.1802 0.1496, 0.1229 0.1802 0.1417, 0.1201 0.1767 0.1496, 0.1201 0.1767 0.1417, 0.1169 0.1737 0.1496, 0.1169 0.1737 0.1417, 0.1132 0.1713 0.1496, 0.1132 0.1713 0.1417, 0.1093 0.1693 0.1496, 0.1093 0.1693 0.1417, 0.105 0.168 0.1496, 0.105 0.168 0.1417, 0.1007 0.1674 0.1496, 0.1007 0.1674 0.1417, 0.0963 0.1674 0.1496, 0.0963 0.1674 0.1417, 0.0919 0.168 0.1496, 0.0919 0.168 0.1417, 0.0877 0.1693 0.1496, 0.0877 0.1693 0.1417, 0.0837 0.1713 0.1496, 0.0837 0.1713 0.1417, 0.0801 0.1737 0.1496, 0.0801 0.1737 0.1417, 0.0768 0.1767 0.1496, 0.0768 0.1767 0.1417, 0.0741 0.1802 0.1496, 0.0741 0.1802 0.1417, 0.0719 0.184 0.1496, 0.0719 0.184 0.1417, 0.0702 0.1881 0.1496, 0.0702 0.1881 0.1417, 0.0693 0.1924 0.1496, 0.0693 0.1924 0.1417, 0.0689 0.1968 0.1496, 0.0689 0.1968 0.1417, 0.0433 0.1968 0.1496, 0.0433 0.1968 0.1417, 0.0433 0.1181 0.1496, 0.0433 0.1181 0.1417, 0.1536 0.1181 0.1496, 0.1536 0.1181 0.1417, 0.1536 0.1968 0.1496, 0.1536 0.1968 0.1417, -0.0689 0.1968 0.1496, -0.0689 0.1968 0.1417, -0.0692 0.1924 0.1496, -0.0692 0.1924 0.1417, -0.0702 0.1881 0.1496, -0.0702 0.1881 0.1417, -0.0718 0.184 0.1496, -0.0718 0.184 0.1417, -0.074 0.1802 0.1496, -0.074 0.1802 0.1417, -0.0767 0.1767 0.1496, -0.0767 0.1767 0.1417, -0.08 0.1737 0.1496, -0.08 0.1737 0.1417, -0.0836 0.1713 0.1496, -0.0836 0.1713 0.1417, -0.0876 0.1693 0.1496, -0.0876 0.1693 0.1417, -0.0918 0.168 0.1496, -0.0918 0.168 0.1417, -0.0962 0.1674 0.1496, -0.0962 0.1674 0.1417, -0.1006 0.1674 0.1496, -0.1006 0.1674 0.1417, -0.105 0.168 0.1496, -0.105 0.168 0.1417, -0.1092 0.1693 0.1496, -0.1092 0.1693 0.1417, -0.1131 0.1713 0.1496, -0.1131 0.1713 0.1417, -0.1168 0.1737 0.1496, -0.1168 0.1737 0.1417, -0.12 0.1767 0.1496, -0.12 0.1767 0.1417, -0.1228 0.1802 0.1496, -0.1228 0.1802 0.1417, -0.125 0.184 0.1496, -0.125 0.184 0.1417, -0.1266 0.1881 0.1496, -0.1266 0.1881 0.1417, -0.1276 0.1924 0.1496, -0.1276 0.1924 0.1417, -0.1279 0.1968 0.1496, -0.1279 0.1968 0.1417, -0.1535 0.1968 0.1496, -0.1535 0.1968 0.1417, -0.1535 0.1181 0.1496, -0.1535 0.1181 0.1417, -0.0433 0.1181 0.1496, -0.0433 0.1181 0.1417, -0.0433 0.1968 0.1496, -0.0433 0.1968 0.1417, -0.2657 0.1968 0.1496, -0.2657 0.1968 0.1417, -0.266 0.1924 0.1496, -0.266 0.1924 0.1417, -0.267 0.1881 0.1496, -0.267 0.1881 0.1417, -0.2686 0.184 0.1496, -0.2686 0.184 0.1417, -0.2708 0.1802 0.1496, -0.2708 0.1802 0.1417, -0.2736 0.1767 0.1496, -0.2736 0.1767 0.1417, -0.2768 0.1737 0.1496, -0.2768 0.1737 0.1417, -0.2805 0.1713 0.1496, -0.2805 0.1713 0.1417, -0.2844 0.1693 0.1496, -0.2844 0.1693 0.1417, -0.2887 0.168 0.1496, -0.2887 0.168 0.1417, -0.293 0.1674 0.1496, -0.293 0.1674 0.1417, -0.2974 0.1674 0.1496, -0.2974 0.1674 0.1417, -0.3018 0.168 0.1496, -0.3018 0.168 0.1417, -0.306 0.1693 0.1496, -0.306 0.1693 0.1417, -0.31 0.1713 0.1496, -0.31 0.1713 0.1417, -0.3136 0.1737 0.1496, -0.3136 0.1737 0.1417, -0.3169 0.1767 0.1496, -0.3169 0.1767 0.1417, -0.3196 0.1802 0.1496, -0.3196 0.1802 0.1417, -0.3218 0.184 0.1496, -0.3218 0.184 0.1417, -0.3235 0.1881 0.1496, -0.3235 0.1881 0.1417, -0.3244 0.1924 0.1496, -0.3244 0.1924 0.1417, -0.3248 0.1968 0.1496, -0.3248 0.1968 0.1417, -0.3504 0.1968 0.1496, -0.3504 0.1968 0.1417, -0.3504 0.1181 0.1496, -0.3504 0.1181 0.1417, -0.2401 0.1181 0.1496, -0.2401 0.1181 0.1417, -0.2401 0.1968 0.1496, -0.2401 0.1968 0.1417, -0.3248 0.1968 0.0, -0.3248 0.1968 0.0079, -0.3244 0.192 0.0, -0.3244 0.192 0.0079, -0.3232 0.1872 0.0, -0.3232 0.1872 0.0079, -0.3212 0.1828 0.0, -0.3212 0.1828 0.0079, -0.3185 0.1787 0.0, -0.3185 0.1787 0.0079, -0.3152 0.1751 0.0, -0.3152 0.1751 0.0079, -0.3114 0.1721 0.0, -0.3114 0.1721 0.0079, -0.3071 0.1698 0.0, -0.3071 0.1698 0.0079, -0.3025 0.1682 0.0, -0.3025 0.1682 0.0079, -0.2977 0.1674 0.0, -0.2977 0.1674 0.0079, -0.2928 0.1674 0.0, -0.2928 0.1674 0.0079, -0.288 0.1682 0.0, -0.288 0.1682 0.0079, -0.2834 0.1698 0.0, -0.2834 0.1698 0.0079, -0.2791 0.1721 0.0, -0.2791 0.1721 0.0079, -0.2752 0.1751 0.0, -0.2752 0.1751 0.0079, -0.2719 0.1787 0.0, -0.2719 0.1787 0.0079, -0.2693 0.1828 0.0, -0.2693 0.1828 0.0079, -0.2673 0.1872 0.0, -0.2673 0.1872 0.0079, -0.2661 0.192 0.0, -0.2661 0.192 0.0079, -0.2657 0.1968 0.0, -0.2657 0.1968 0.0079, -0.2401 0.1968 0.0, -0.2401 0.1968 0.0079, -0.2401 0.126 0.0, -0.2401 0.126 0.0079, -0.2405 0.1193 0.0079, -0.2405 0.1193 0.0, -0.2417 0.1128 0.0079, -0.2417 0.1128 0.0, -0.2437 0.1064 0.0079, -0.2437 0.1064 0.0, -0.2464 0.1003 0.0079, -0.2464 0.1003 0.0, -0.2499 0.0947 0.0079, -0.2499 0.0947 0.0, -0.254 0.0894 0.0079, -0.254 0.0894 0.0, -0.2587 0.0847 0.0079, -0.2587 0.0847 0.0, -0.2639 0.0806 0.0079, -0.2639 0.0806 0.0, -0.2696 0.0772 0.0079, -0.2696 0.0772 0.0, -0.2757 0.0744 0.0079, -0.2757 0.0744 0.0, -0.282 0.0724 0.0079, -0.282 0.0724 0.0, -0.2886 0.0712 0.0079, -0.2886 0.0712 0.0, -0.2952 0.0708 0.0079, -0.2952 0.0708 0.0, -0.3019 0.0712 0.0079, -0.3019 0.0712 0.0, -0.3084 0.0724 0.0079, -0.3084 0.0724 0.0, -0.3148 0.0744 0.0079, -0.3148 0.0744 0.0, -0.3209 0.0772 0.0079, -0.3209 0.0772 0.0, -0.3265 0.0806 0.0079, -0.3265 0.0806 0.0, -0.3318 0.0847 0.0079, -0.3318 0.0847 0.0, -0.3365 0.0894 0.0079, -0.3365 0.0894 0.0, -0.3406 0.0947 0.0079, -0.3406 0.0947 0.0, -0.344 0.1003 0.0079, -0.344 0.1003 0.0, -0.3468 0.1064 0.0079, -0.3468 0.1064 0.0, -0.3488 0.1128 0.0079, -0.3488 0.1128 0.0, -0.35 0.1193 0.0079, -0.35 0.1193 0.0, -0.3504 0.126 0.0079, -0.3504 0.126 0.0, -0.3504 0.1968 0.0, -0.3504 0.1968 0.0079, -0.1279 0.1968 0.0, -0.1279 0.1968 0.0079, -0.1275 0.192 0.0, -0.1275 0.192 0.0079, -0.1263 0.1872 0.0, -0.1263 0.1872 0.0079, -0.1244 0.1828 0.0, -0.1244 0.1828 0.0079, -0.1217 0.1787 0.0, -0.1217 0.1787 0.0079, -0.1184 0.1751 0.0, -0.1184 0.1751 0.0079, -0.1145 0.1721 0.0, -0.1145 0.1721 0.0079, -0.1102 0.1698 0.0, -0.1102 0.1698 0.0079, -0.1056 0.1682 0.0, -0.1056 0.1682 0.0079, -0.1008 0.1674 0.0, -0.1008 0.1674 0.0079, -0.0959 0.1674 0.0, -0.0959 0.1674 0.0079, -0.0911 0.1682 0.0, -0.0911 0.1682 0.0079, -0.0865 0.1698 0.0, -0.0865 0.1698 0.0079, -0.0822 0.1721 0.0, -0.0822 0.1721 0.0079, -0.0784 0.1751 0.0, -0.0784 0.1751 0.0079, -0.0751 0.1787 0.0, -0.0751 0.1787 0.0079, -0.0724 0.1828 0.0, -0.0724 0.1828 0.0079, -0.0705 0.1872 0.0, -0.0705 0.1872 0.0079, -0.0693 0.192 0.0, -0.0693 0.192 0.0079, -0.0689 0.1968 0.0, -0.0689 0.1968 0.0079, -0.0433 0.1968 0.0, -0.0433 0.1968 0.0079, -0.0433 0.126 0.0, -0.0433 0.126 0.0079, -0.0437 0.1193 0.0079, -0.0437 0.1193 0.0, -0.0449 0.1128 0.0079, -0.0449 0.1128 0.0, -0.0468 0.1064 0.0079, -0.0468 0.1064 0.0, -0.0496 0.1003 0.0079, -0.0496 0.1003 0.0, -0.053 0.0947 0.0079, -0.053 0.0947 0.0, -0.0571 0.0894 0.0079, -0.0571 0.0894 0.0, -0.0618 0.0847 0.0079, -0.0618 0.0847 0.0, -0.0671 0.0806 0.0079, -0.0671 0.0806 0.0, -0.0728 0.0772 0.0079, -0.0728 0.0772 0.0, -0.0788 0.0744 0.0079, -0.0788 0.0744 0.0, -0.0852 0.0724 0.0079, -0.0852 0.0724 0.0, -0.0917 0.0712 0.0079, -0.0917 0.0712 0.0, -0.0984 0.0708 0.0079, -0.0984 0.0708 0.0, -0.105 0.0712 0.0079, -0.105 0.0712 0.0, -0.1116 0.0724 0.0079, -0.1116 0.0724 0.0, -0.1179 0.0744 0.0079, -0.1179 0.0744 0.0, -0.124 0.0772 0.0079, -0.124 0.0772 0.0, -0.1297 0.0806 0.0079, -0.1297 0.0806 0.0, -0.1349 0.0847 0.0079, -0.1349 0.0847 0.0, -0.1396 0.0894 0.0079, -0.1396 0.0894 0.0, -0.1437 0.0947 0.0079, -0.1437 0.0947 0.0, -0.1472 0.1003 0.0079, -0.1472 0.1003 0.0, -0.1499 0.1064 0.0079, -0.1499 0.1064 0.0, -0.1519 0.1128 0.0079, -0.1519 0.1128 0.0, -0.1531 0.1193 0.0079, -0.1531 0.1193 0.0, -0.1535 0.126 0.0079, -0.1535 0.126 0.0, -0.1535 0.1968 0.0, -0.1535 0.1968 0.0079, 0.3504 0.1338 0.0, 0.3504 0.1338 0.0079, 0.3501 0.1274 0.0079, 0.3501 0.1274 0.0, 0.3489 0.1211 0.0079, 0.3489 0.1211 0.0, 0.3471 0.115 0.0079, 0.3471 0.115 0.0, 0.3446 0.1091 0.0079, 0.3446 0.1091 0.0, 0.3414 0.1036 0.0079, 0.3414 0.1036 0.0, 0.3375 0.0984 0.0079, 0.3375 0.0984 0.0, 0.3331 0.0937 0.0079, 0.3331 0.0937 0.0, 0.3282 0.0896 0.0079, 0.3282 0.0896 0.0, 0.3229 0.0861 0.0079, 0.3229 0.0861 0.0, 0.3171 0.0832 0.0079, 0.3171 0.0832 0.0, 0.3111 0.081 0.0079, 0.3111 0.081 0.0, 0.3049 0.0796 0.0079, 0.3049 0.0796 0.0, 0.2985 0.0788 0.0079, 0.2985 0.0788 0.0, 0.2921 0.0788 0.0079, 0.2921 0.0788 0.0, 0.2857 0.0796 0.0079, 0.2857 0.0796 0.0, 0.2795 0.081 0.0079, 0.2795 0.081 0.0, 0.2735 0.0832 0.0079, 0.2735 0.0832 0.0, 0.2678 0.0861 0.0079, 0.2678 0.0861 0.0, 0.2624 0.0896 0.0079, 0.2624 0.0896 0.0, 0.2575 0.0937 0.0079, 0.2575 0.0937 0.0, 0.2531 0.0984 0.0079, 0.2531 0.0984 0.0, 0.2493 0.1036 0.0079, 0.2493 0.1036 0.0, 0.2461 0.1091 0.0079, 0.2461 0.1091 0.0, 0.2435 0.115 0.0079, 0.2435 0.115 0.0, 0.2417 0.1211 0.0079, 0.2417 0.1211 0.0, 0.2406 0.1274 0.0079, 0.2406 0.1274 0.0, 0.2402 0.1338 0.0079, 0.2402 0.1338 0.0, 0.2402 0.1968 0.0, 0.2402 0.1968 0.0079, 0.2658 0.1968 0.0, 0.2658 0.1968 0.0079, 0.2662 0.1922 0.0, 0.2662 0.1922 0.0079, 0.2672 0.1877 0.0, 0.2672 0.1877 0.0079, 0.269 0.1834 0.0, 0.269 0.1834 0.0079, 0.2714 0.1795 0.0, 0.2714 0.1795 0.0079, 0.2744 0.176 0.0, 0.2744 0.176 0.0079, 0.278 0.1729 0.0, 0.278 0.1729 0.0079, 0.2819 0.1705 0.0, 0.2819 0.1705 0.0079, 0.2862 0.1687 0.0, 0.2862 0.1687 0.0079, 0.2907 0.1677 0.0, 0.2907 0.1677 0.0079, 0.2953 0.1673 0.0, 0.2953 0.1673 0.0079, 0.2999 0.1677 0.0, 0.2999 0.1677 0.0079, 0.3044 0.1687 0.0, 0.3044 0.1687 0.0079, 0.3087 0.1705 0.0, 0.3087 0.1705 0.0079, 0.3127 0.1729 0.0, 0.3127 0.1729 0.0079, 0.3162 0.176 0.0, 0.3162 0.176 0.0079, 0.3192 0.1795 0.0, 0.3192 0.1795 0.0079, 0.3216 0.1834 0.0, 0.3216 0.1834 0.0079, 0.3234 0.1877 0.0, 0.3234 0.1877 0.0079, 0.3245 0.1922 0.0, 0.3245 0.1922 0.0079, 0.3248 0.1968 0.0, 0.3248 0.1968 0.0079, 0.3504 0.1968 0.0, 0.3504 0.1968 0.0079, 0.0689 0.1968 0.0, 0.0689 0.1968 0.0079, 0.0693 0.192 0.0, 0.0693 0.192 0.0079, 0.0705 0.1872 0.0, 0.0705 0.1872 0.0079, 0.0725 0.1828 0.0, 0.0725 0.1828 0.0079, 0.0752 0.1787 0.0, 0.0752 0.1787 0.0079, 0.0785 0.1751 0.0, 0.0785 0.1751 0.0079, 0.0823 0.1721 0.0, 0.0823 0.1721 0.0079, 0.0866 0.1698 0.0, 0.0866 0.1698 0.0079, 0.0912 0.1682 0.0, 0.0912 0.1682 0.0079, 0.096 0.1674 0.0, 0.096 0.1674 0.0079, 0.1009 0.1674 0.0, 0.1009 0.1674 0.0079, 0.1057 0.1682 0.0, 0.1057 0.1682 0.0079, 0.1103 0.1698 0.0, 0.1103 0.1698 0.0079, 0.1146 0.1721 0.0, 0.1146 0.1721 0.0079, 0.1185 0.1751 0.0, 0.1185 0.1751 0.0079, 0.1218 0.1787 0.0, 0.1218 0.1787 0.0079, 0.1244 0.1828 0.0, 0.1244 0.1828 0.0079, 0.1264 0.1872 0.0, 0.1264 0.1872 0.0079, 0.1276 0.192 0.0, 0.1276 0.192 0.0079, 0.128 0.1968 0.0, 0.128 0.1968 0.0079, 0.1536 0.1968 0.0, 0.1536 0.1968 0.0079, 0.1536 0.126 0.0, 0.1536 0.126 0.0079, 0.1532 0.1193 0.0079, 0.1532 0.1193 0.0, 0.152 0.1128 0.0079, 0.152 0.1128 0.0, 0.15 0.1064 0.0079, 0.15 0.1064 0.0, 0.1473 0.1003 0.0079, 0.1473 0.1003 0.0, 0.1438 0.0947 0.0079, 0.1438 0.0947 0.0, 0.1397 0.0894 0.0079, 0.1397 0.0894 0.0, 0.135 0.0847 0.0079, 0.135 0.0847 0.0, 0.1298 0.0806 0.0079, 0.1298 0.0806 0.0, 0.1241 0.0772 0.0079, 0.1241 0.0772 0.0, 0.118 0.0744 0.0079, 0.118 0.0744 0.0, 0.1117 0.0724 0.0079, 0.1117 0.0724 0.0, 0.1051 0.0712 0.0079, 0.1051 0.0712 0.0, 0.0985 0.0708 0.0079, 0.0985 0.0708 0.0, 0.0918 0.0712 0.0079, 0.0918 0.0712 0.0, 0.0853 0.0724 0.0079, 0.0853 0.0724 0.0, 0.0789 0.0744 0.0079, 0.0789 0.0744 0.0, 0.0729 0.0772 0.0079, 0.0729 0.0772 0.0, 0.0672 0.0806 0.0079, 0.0672 0.0806 0.0, 0.0619 0.0847 0.0079, 0.0619 0.0847 0.0, 0.0572 0.0894 0.0079, 0.0572 0.0894 0.0, 0.0531 0.0947 0.0079, 0.0531 0.0947 0.0, 0.0497 0.1003 0.0079, 0.0497 0.1003 0.0, 0.0469 0.1064 0.0079, 0.0469 0.1064 0.0, 0.0449 0.1128 0.0079, 0.0449 0.1128 0.0, 0.0437 0.1193 0.0079, 0.0437 0.1193 0.0, 0.0433 0.126 0.0079, 0.0433 0.126 0.0, 0.0433 0.1968 0.0, 0.0433 0.1968 0.0079, 0.3248 -0.1969 0.0, 0.3248 -0.1969 0.0079, 0.3245 -0.1923 0.0, 0.3245 -0.1923 0.0079, 0.3234 -0.1877 0.0, 0.3234 -0.1877 0.0079, 0.3216 -0.1835 0.0, 0.3216 -0.1835 0.0079, 0.3192 -0.1795 0.0, 0.3192 -0.1795 0.0079, 0.3162 -0.176 0.0, 0.3162 -0.176 0.0079, 0.3127 -0.173 0.0, 0.3127 -0.173 0.0079, 0.3087 -0.1706 0.0, 0.3087 -0.1706 0.0079, 0.3044 -0.1688 0.0, 0.3044 -0.1688 0.0079, 0.2999 -0.1677 0.0, 0.2999 -0.1677 0.0079, 0.2953 -0.1673 0.0, 0.2953 -0.1673 0.0079, 0.2907 -0.1677 0.0, 0.2907 -0.1677 0.0079, 0.2862 -0.1688 0.0, 0.2862 -0.1688 0.0079, 0.2819 -0.1706 0.0, 0.2819 -0.1706 0.0079, 0.278 -0.173 0.0, 0.278 -0.173 0.0079, 0.2744 -0.176 0.0, 0.2744 -0.176 0.0079, 0.2714 -0.1795 0.0, 0.2714 -0.1795 0.0079, 0.269 -0.1835 0.0, 0.269 -0.1835 0.0079, 0.2672 -0.1877 0.0, 0.2672 -0.1877 0.0079, 0.2662 -0.1923 0.0, 0.2662 -0.1923 0.0079, 0.2658 -0.1969 0.0, 0.2658 -0.1969 0.0079, 0.2402 -0.1969 0.0, 0.2402 -0.1969 0.0079, 0.2402 -0.1339 0.0, 0.2402 -0.1339 0.0079, 0.2406 -0.1275 0.0079, 0.2406 -0.1275 0.0, 0.2417 -0.1212 0.0079, 0.2417 -0.1212 0.0, 0.2435 -0.115 0.0079, 0.2435 -0.115 0.0, 0.2461 -0.1091 0.0079, 0.2461 -0.1091 0.0, 0.2493 -0.1036 0.0079, 0.2493 -0.1036 0.0, 0.2531 -0.0984 0.0079, 0.2531 -0.0984 0.0, 0.2575 -0.0938 0.0079, 0.2575 -0.0938 0.0, 0.2624 -0.0897 0.0079, 0.2624 -0.0897 0.0, 0.2678 -0.0861 0.0079, 0.2678 -0.0861 0.0, 0.2735 -0.0833 0.0079, 0.2735 -0.0833 0.0, 0.2795 -0.0811 0.0079, 0.2795 -0.0811 0.0, 0.2857 -0.0796 0.0079, 0.2857 -0.0796 0.0, 0.2921 -0.0789 0.0079, 0.2921 -0.0789 0.0, 0.2985 -0.0789 0.0079, 0.2985 -0.0789 0.0, 0.3049 -0.0796 0.0079, 0.3049 -0.0796 0.0, 0.3111 -0.0811 0.0079, 0.3111 -0.0811 0.0, 0.3171 -0.0833 0.0079, 0.3171 -0.0833 0.0, 0.3229 -0.0861 0.0079, 0.3229 -0.0861 0.0, 0.3282 -0.0897 0.0079, 0.3282 -0.0897 0.0, 0.3331 -0.0938 0.0079, 0.3331 -0.0938 0.0, 0.3375 -0.0984 0.0079, 0.3375 -0.0984 0.0, 0.3414 -0.1036 0.0079, 0.3414 -0.1036 0.0, 0.3446 -0.1091 0.0079, 0.3446 -0.1091 0.0, 0.3471 -0.115 0.0079, 0.3471 -0.115 0.0, 0.3489 -0.1212 0.0079, 0.3489 -0.1212 0.0, 0.3501 -0.1275 0.0079, 0.3501 -0.1275 0.0, 0.3504 -0.1339 0.0079, 0.3504 -0.1339 0.0, 0.3504 -0.1969 0.0, 0.3504 -0.1969 0.0079, 0.128 -0.1969 0.0, 0.128 -0.1969 0.0079, 0.1276 -0.192 0.0, 0.1276 -0.192 0.0079, 0.1264 -0.1873 0.0, 0.1264 -0.1873 0.0079, 0.1244 -0.1828 0.0, 0.1244 -0.1828 0.0079, 0.1218 -0.1787 0.0, 0.1218 -0.1787 0.0079, 0.1185 -0.1751 0.0, 0.1185 -0.1751 0.0079, 0.1146 -0.1722 0.0, 0.1146 -0.1722 0.0079, 0.1103 -0.1698 0.0, 0.1103 -0.1698 0.0079, 0.1057 -0.1682 0.0, 0.1057 -0.1682 0.0079, 0.1009 -0.1674 0.0, 0.1009 -0.1674 0.0079, 0.096 -0.1674 0.0, 0.096 -0.1674 0.0079, 0.0912 -0.1682 0.0, 0.0912 -0.1682 0.0079, 0.0866 -0.1698 0.0, 0.0866 -0.1698 0.0079, 0.0823 -0.1722 0.0, 0.0823 -0.1722 0.0079, 0.0785 -0.1751 0.0, 0.0785 -0.1751 0.0079, 0.0752 -0.1787 0.0, 0.0752 -0.1787 0.0079, 0.0725 -0.1828 0.0, 0.0725 -0.1828 0.0079, 0.0705 -0.1873 0.0, 0.0705 -0.1873 0.0079, 0.0693 -0.192 0.0, 0.0693 -0.192 0.0079, 0.0689 -0.1969 0.0, 0.0689 -0.1969 0.0079, 0.0433 -0.1969 0.0, 0.0433 -0.1969 0.0079, 0.0433 -0.126 0.0, 0.0433 -0.126 0.0079, 0.0437 -0.1194 0.0079, 0.0437 -0.1194 0.0, 0.0449 -0.1128 0.0079, 0.0449 -0.1128 0.0, 0.0469 -0.1065 0.0079, 0.0469 -0.1065 0.0, 0.0497 -0.1004 0.0079, 0.0497 -0.1004 0.0, 0.0531 -0.0947 0.0079, 0.0531 -0.0947 0.0, 0.0572 -0.0895 0.0079, 0.0572 -0.0895 0.0, 0.0619 -0.0847 0.0079, 0.0619 -0.0847 0.0, 0.0672 -0.0806 0.0079, 0.0672 -0.0806 0.0, 0.0729 -0.0772 0.0079, 0.0729 -0.0772 0.0, 0.0789 -0.0745 0.0079, 0.0789 -0.0745 0.0, 0.0853 -0.0725 0.0079, 0.0853 -0.0725 0.0, 0.0918 -0.0713 0.0079, 0.0918 -0.0713 0.0, 0.0985 -0.0709 0.0079, 0.0985 -0.0709 0.0, 0.1051 -0.0713 0.0079, 0.1051 -0.0713 0.0, 0.1117 -0.0725 0.0079, 0.1117 -0.0725 0.0, 0.118 -0.0745 0.0079, 0.118 -0.0745 0.0, 0.1241 -0.0772 0.0079, 0.1241 -0.0772 0.0, 0.1298 -0.0806 0.0079, 0.1298 -0.0806 0.0, 0.135 -0.0847 0.0079, 0.135 -0.0847 0.0, 0.1397 -0.0895 0.0079, 0.1397 -0.0895 0.0, 0.1438 -0.0947 0.0079, 0.1438 -0.0947 0.0, 0.1473 -0.1004 0.0079, 0.1473 -0.1004 0.0, 0.15 -0.1065 0.0079, 0.15 -0.1065 0.0, 0.152 -0.1128 0.0079, 0.152 -0.1128 0.0, 0.1532 -0.1194 0.0079, 0.1532 -0.1194 0.0, 0.1536 -0.126 0.0079, 0.1536 -0.126 0.0, 0.1536 -0.1969 0.0, 0.1536 -0.1969 0.0079, -0.0689 -0.1969 0.0, -0.0689 -0.1969 0.0079, -0.0693 -0.192 0.0, -0.0693 -0.192 0.0079, -0.0705 -0.1873 0.0, -0.0705 -0.1873 0.0079, -0.0724 -0.1828 0.0, -0.0724 -0.1828 0.0079, -0.0751 -0.1787 0.0, -0.0751 -0.1787 0.0079, -0.0784 -0.1751 0.0, -0.0784 -0.1751 0.0079, -0.0822 -0.1722 0.0, -0.0822 -0.1722 0.0079, -0.0865 -0.1698 0.0, -0.0865 -0.1698 0.0079, -0.0911 -0.1682 0.0, -0.0911 -0.1682 0.0079, -0.0959 -0.1674 0.0, -0.0959 -0.1674 0.0079, -0.1008 -0.1674 0.0, -0.1008 -0.1674 0.0079, -0.1056 -0.1682 0.0, -0.1056 -0.1682 0.0079, -0.1102 -0.1698 0.0, -0.1102 -0.1698 0.0079, -0.1145 -0.1722 0.0, -0.1145 -0.1722 0.0079, -0.1184 -0.1751 0.0, -0.1184 -0.1751 0.0079, -0.1217 -0.1787 0.0, -0.1217 -0.1787 0.0079, -0.1244 -0.1828 0.0, -0.1244 -0.1828 0.0079, -0.1263 -0.1873 0.0, -0.1263 -0.1873 0.0079, -0.1275 -0.192 0.0, -0.1275 -0.192 0.0079, -0.1279 -0.1969 0.0, -0.1279 -0.1969 0.0079, -0.1535 -0.1969 0.0, -0.1535 -0.1969 0.0079, -0.1535 -0.126 0.0, -0.1535 -0.126 0.0079, -0.1531 -0.1194 0.0079, -0.1531 -0.1194 0.0, -0.1519 -0.1128 0.0079, -0.1519 -0.1128 0.0, -0.1499 -0.1065 0.0079, -0.1499 -0.1065 0.0, -0.1472 -0.1004 0.0079, -0.1472 -0.1004 0.0, -0.1437 -0.0947 0.0079, -0.1437 -0.0947 0.0, -0.1396 -0.0895 0.0079, -0.1396 -0.0895 0.0, -0.1349 -0.0847 0.0079, -0.1349 -0.0847 0.0, -0.1297 -0.0806 0.0079, -0.1297 -0.0806 0.0, -0.124 -0.0772 0.0079, -0.124 -0.0772 0.0, -0.1179 -0.0745 0.0079, -0.1179 -0.0745 0.0, -0.1116 -0.0725 0.0079, -0.1116 -0.0725 0.0, -0.105 -0.0713 0.0079, -0.105 -0.0713 0.0, -0.0984 -0.0709 0.0079, -0.0984 -0.0709 0.0, -0.0917 -0.0713 0.0079, -0.0917 -0.0713 0.0, -0.0852 -0.0725 0.0079, -0.0852 -0.0725 0.0, -0.0788 -0.0745 0.0079, -0.0788 -0.0745 0.0, -0.0728 -0.0772 0.0079, -0.0728 -0.0772 0.0, -0.0671 -0.0806 0.0079, -0.0671 -0.0806 0.0, -0.0618 -0.0847 0.0079, -0.0618 -0.0847 0.0, -0.0571 -0.0895 0.0079, -0.0571 -0.0895 0.0, -0.053 -0.0947 0.0079, -0.053 -0.0947 0.0, -0.0496 -0.1004 0.0079, -0.0496 -0.1004 0.0, -0.0468 -0.1065 0.0079, -0.0468 -0.1065 0.0, -0.0449 -0.1128 0.0079, -0.0449 -0.1128 0.0, -0.0437 -0.1194 0.0079, -0.0437 -0.1194 0.0, -0.0433 -0.126 0.0079, -0.0433 -0.126 0.0, -0.0433 -0.1969 0.0, -0.0433 -0.1969 0.0079, -0.2657 -0.1969 0.0, -0.2657 -0.1969 0.0079, -0.2661 -0.192 0.0, -0.2661 -0.192 0.0079, -0.2673 -0.1873 0.0, -0.2673 -0.1873 0.0079, -0.2693 -0.1828 0.0, -0.2693 -0.1828 0.0079, -0.2719 -0.1787 0.0, -0.2719 -0.1787 0.0079, -0.2752 -0.1751 0.0, -0.2752 -0.1751 0.0079, -0.2791 -0.1722 0.0, -0.2791 -0.1722 0.0079, -0.2834 -0.1698 0.0, -0.2834 -0.1698 0.0079, -0.288 -0.1682 0.0, -0.288 -0.1682 0.0079, -0.2928 -0.1674 0.0, -0.2928 -0.1674 0.0079, -0.2977 -0.1674 0.0, -0.2977 -0.1674 0.0079, -0.3025 -0.1682 0.0, -0.3025 -0.1682 0.0079, -0.3071 -0.1698 0.0, -0.3071 -0.1698 0.0079, -0.3114 -0.1722 0.0, -0.3114 -0.1722 0.0079, -0.3152 -0.1751 0.0, -0.3152 -0.1751 0.0079, -0.3185 -0.1787 0.0, -0.3185 -0.1787 0.0079, -0.3212 -0.1828 0.0, -0.3212 -0.1828 0.0079, -0.3232 -0.1873 0.0, -0.3232 -0.1873 0.0079, -0.3244 -0.192 0.0, -0.3244 -0.192 0.0079, -0.3248 -0.1969 0.0, -0.3248 -0.1969 0.0079, -0.3504 -0.1969 0.0, -0.3504 -0.1969 0.0079, -0.3504 -0.126 0.0, -0.3504 -0.126 0.0079, -0.35 -0.1194 0.0079, -0.35 -0.1194 0.0, -0.3488 -0.1128 0.0079, -0.3488 -0.1128 0.0, -0.3468 -0.1065 0.0079, -0.3468 -0.1065 0.0, -0.344 -0.1004 0.0079, -0.344 -0.1004 0.0, -0.3406 -0.0947 0.0079, -0.3406 -0.0947 0.0, -0.3365 -0.0895 0.0079, -0.3365 -0.0895 0.0, -0.3318 -0.0847 0.0079, -0.3318 -0.0847 0.0, -0.3265 -0.0806 0.0079, -0.3265 -0.0806 0.0, -0.3209 -0.0772 0.0079, -0.3209 -0.0772 0.0, -0.3148 -0.0745 0.0079, -0.3148 -0.0745 0.0, -0.3084 -0.0725 0.0079, -0.3084 -0.0725 0.0, -0.3019 -0.0713 0.0079, -0.3019 -0.0713 0.0, -0.2952 -0.0709 0.0079, -0.2952 -0.0709 0.0, -0.2886 -0.0713 0.0079, -0.2886 -0.0713 0.0, -0.282 -0.0725 0.0079, -0.282 -0.0725 0.0, -0.2757 -0.0745 0.0079, -0.2757 -0.0745 0.0, -0.2696 -0.0772 0.0079, -0.2696 -0.0772 0.0, -0.2639 -0.0806 0.0079, -0.2639 -0.0806 0.0, -0.2587 -0.0847 0.0079, -0.2587 -0.0847 0.0, -0.254 -0.0895 0.0079, -0.254 -0.0895 0.0, -0.2499 -0.0947 0.0079, -0.2499 -0.0947 0.0, -0.2464 -0.1004 0.0079, -0.2464 -0.1004 0.0, -0.2437 -0.1065 0.0079, -0.2437 -0.1065 0.0, -0.2417 -0.1128 0.0079, -0.2417 -0.1128 0.0, -0.2405 -0.1194 0.0079, -0.2405 -0.1194 0.0, -0.2401 -0.126 0.0079, -0.2401 -0.126 0.0, -0.2401 -0.1969 0.0, -0.2401 -0.1969 0.0079, 0.3244 0.192 0.1496, 0.3244 0.192 0.0, 0.3232 0.1872 0.1496, 0.3232 0.1872 0.0, 0.3213 0.1828 0.1496, 0.3213 0.1828 0.0, 0.3186 0.1787 0.1496, 0.3186 0.1787 0.0, 0.3153 0.1751 0.1496, 0.3153 0.1751 0.0, 0.3115 0.1721 0.1496, 0.3115 0.1721 0.0, 0.3072 0.1698 0.1496, 0.3072 0.1698 0.0, 0.3026 0.1682 0.1496, 0.3026 0.1682 0.0, 0.2978 0.1674 0.1496, 0.2978 0.1674 0.0, 0.2929 0.1674 0.1496, 0.2929 0.1674 0.0, 0.2881 0.1682 0.1496, 0.2881 0.1682 0.0, 0.2835 0.1698 0.1496, 0.2835 0.1698 0.0, 0.2792 0.1721 0.1496, 0.2792 0.1721 0.0, 0.2753 0.1751 0.1496, 0.2753 0.1751 0.0, 0.272 0.1787 0.1496, 0.272 0.1787 0.0, 0.2693 0.1828 0.1496, 0.2693 0.1828 0.0, 0.2674 0.1872 0.1496, 0.2674 0.1872 0.0, 0.2662 0.192 0.1496, 0.2662 0.192 0.0, 0.2737 0.1968 0.0, 0.2737 0.1968 0.1496, 0.274 0.1929 0.0, 0.274 0.1929 0.1496, 0.2751 0.189 0.0, 0.2751 0.189 0.1496, 0.2769 0.1854 0.0, 0.2769 0.1854 0.1496, 0.2793 0.1822 0.0, 0.2793 0.1822 0.1496, 0.2823 0.1796 0.0, 0.2823 0.1796 0.1496, 0.2857 0.1774 0.0, 0.2857 0.1774 0.1496, 0.2894 0.176 0.0, 0.2894 0.176 0.1496, 0.2933 0.1753 0.0, 0.2933 0.1753 0.1496, 0.2973 0.1753 0.0, 0.2973 0.1753 0.1496, 0.3012 0.176 0.0, 0.3012 0.176 0.1496, 0.305 0.1774 0.0, 0.305 0.1774 0.1496, 0.3084 0.1796 0.0, 0.3084 0.1796 0.1496, 0.3113 0.1822 0.0, 0.3113 0.1822 0.1496, 0.3137 0.1854 0.0, 0.3137 0.1854 0.1496, 0.3155 0.189 0.0, 0.3155 0.189 0.1496, 0.3166 0.1929 0.0, 0.3166 0.1929 0.1496, 0.317 0.1968 0.0, 0.317 0.1968 0.1496, 0.2662 -0.192 0.1496, 0.2662 -0.192 0.0, 0.2674 -0.1873 0.1496, 0.2674 -0.1873 0.0, 0.2693 -0.1828 0.1496, 0.2693 -0.1828 0.0, 0.272 -0.1787 0.1496, 0.272 -0.1787 0.0, 0.2753 -0.1751 0.1496, 0.2753 -0.1751 0.0, 0.2792 -0.1722 0.1496, 0.2792 -0.1722 0.0, 0.2835 -0.1698 0.1496, 0.2835 -0.1698 0.0, 0.2881 -0.1682 0.1496, 0.2881 -0.1682 0.0, 0.2929 -0.1674 0.1496, 0.2929 -0.1674 0.0, 0.2978 -0.1674 0.1496, 0.2978 -0.1674 0.0, 0.3026 -0.1682 0.1496, 0.3026 -0.1682 0.0, 0.3072 -0.1698 0.1496, 0.3072 -0.1698 0.0, 0.3115 -0.1722 0.1496, 0.3115 -0.1722 0.0, 0.3153 -0.1751 0.1496, 0.3153 -0.1751 0.0, 0.3186 -0.1787 0.1496, 0.3186 -0.1787 0.0, 0.3213 -0.1828 0.1496, 0.3213 -0.1828 0.0, 0.3232 -0.1873 0.1496, 0.3232 -0.1873 0.0, 0.3244 -0.192 0.1496, 0.3244 -0.192 0.0, 0.317 -0.1969 0.0, 0.317 -0.1969 0.1496, 0.3166 -0.1929 0.0, 0.3166 -0.1929 0.1496, 0.3155 -0.189 0.0, 0.3155 -0.189 0.1496, 0.3137 -0.1855 0.0, 0.3137 -0.1855 0.1496, 0.3113 -0.1823 0.0, 0.3113 -0.1823 0.1496, 0.3084 -0.1796 0.0, 0.3084 -0.1796 0.1496, 0.305 -0.1775 0.0, 0.305 -0.1775 0.1496, 0.3012 -0.176 0.0, 0.3012 -0.176 0.1496, 0.2973 -0.1753 0.0, 0.2973 -0.1753 0.1496, 0.2933 -0.1753 0.0, 0.2933 -0.1753 0.1496, 0.2894 -0.176 0.0, 0.2894 -0.176 0.1496, 0.2857 -0.1775 0.0, 0.2857 -0.1775 0.1496, 0.2823 -0.1796 0.0, 0.2823 -0.1796 0.1496, 0.2793 -0.1823 0.0, 0.2793 -0.1823 0.1496, 0.2769 -0.1855 0.0, 0.2769 -0.1855 0.1496, 0.2751 -0.189 0.0, 0.2751 -0.189 0.1496, 0.274 -0.1929 0.0, 0.274 -0.1929 0.1496, 0.2737 -0.1969 0.0, 0.2737 -0.1969 0.1496, 0.1276 0.192 0.1496, 0.1264 0.1872 0.1496, 0.1244 0.1828 0.1496, 0.1218 0.1787 0.1496, 0.1185 0.1751 0.1496, 0.1146 0.1721 0.1496, 0.1103 0.1698 0.1496, 0.1057 0.1682 0.1496, 0.1009 0.1674 0.1496, 0.096 0.1674 0.1496, 0.0912 0.1682 0.1496, 0.0866 0.1698 0.1496, 0.0823 0.1721 0.1496, 0.0785 0.1751 0.1496, 0.0752 0.1787 0.1496, 0.0725 0.1828 0.1496, 0.0705 0.1872 0.1496, 0.0693 0.192 0.1496, 0.0768 0.1968 0.0, 0.0768 0.1968 0.1496, 0.0772 0.1929 0.0, 0.0772 0.1929 0.1496, 0.0783 0.189 0.0, 0.0783 0.189 0.1496, 0.0801 0.1854 0.0, 0.0801 0.1854 0.1496, 0.0825 0.1822 0.0, 0.0825 0.1822 0.1496, 0.0854 0.1796 0.0, 0.0854 0.1796 0.1496, 0.0888 0.1774 0.0, 0.0888 0.1774 0.1496, 0.0925 0.176 0.0, 0.0925 0.176 0.1496, 0.0965 0.1753 0.0, 0.0965 0.1753 0.1496, 0.1005 0.1753 0.0, 0.1005 0.1753 0.1496, 0.1044 0.176 0.0, 0.1044 0.176 0.1496, 0.1081 0.1774 0.0, 0.1081 0.1774 0.1496, 0.1115 0.1796 0.0, 0.1115 0.1796 0.1496, 0.1145 0.1822 0.0, 0.1145 0.1822 0.1496, 0.1169 0.1854 0.0, 0.1169 0.1854 0.1496, 0.1187 0.189 0.0, 0.1187 0.189 0.1496, 0.1198 0.1929 0.0, 0.1198 0.1929 0.1496, 0.1201 0.1968 0.0, 0.1201 0.1968 0.1496, 0.0693 -0.192 0.1496, 0.0705 -0.1873 0.1496, 0.0725 -0.1828 0.1496, 0.0752 -0.1787 0.1496, 0.0785 -0.1751 0.1496, 0.0823 -0.1722 0.1496, 0.0866 -0.1698 0.1496, 0.0912 -0.1682 0.1496, 0.096 -0.1674 0.1496, 0.1009 -0.1674 0.1496, 0.1057 -0.1682 0.1496, 0.1103 -0.1698 0.1496, 0.1146 -0.1722 0.1496, 0.1185 -0.1751 0.1496, 0.1218 -0.1787 0.1496, 0.1244 -0.1828 0.1496, 0.1264 -0.1873 0.1496, 0.1276 -0.192 0.1496, 0.1201 -0.1969 0.0, 0.1201 -0.1969 0.1496, 0.1198 -0.1929 0.0, 0.1198 -0.1929 0.1496, 0.1187 -0.189 0.0, 0.1187 -0.189 0.1496, 0.1169 -0.1855 0.0, 0.1169 -0.1855 0.1496, 0.1145 -0.1823 0.0, 0.1145 -0.1823 0.1496, 0.1115 -0.1796 0.0, 0.1115 -0.1796 0.1496, 0.1081 -0.1775 0.0, 0.1081 -0.1775 0.1496, 0.1044 -0.176 0.0, 0.1044 -0.176 0.1496, 0.1005 -0.1753 0.0, 0.1005 -0.1753 0.1496, 0.0965 -0.1753 0.0, 0.0965 -0.1753 0.1496, 0.0925 -0.176 0.0, 0.0925 -0.176 0.1496, 0.0888 -0.1775 0.0, 0.0888 -0.1775 0.1496, 0.0854 -0.1796 0.0, 0.0854 -0.1796 0.1496, 0.0825 -0.1823 0.0, 0.0825 -0.1823 0.1496, 0.0801 -0.1855 0.0, 0.0801 -0.1855 0.1496, 0.0783 -0.189 0.0, 0.0783 -0.189 0.1496, 0.0772 -0.1929 0.0, 0.0772 -0.1929 0.1496, 0.0768 -0.1969 0.0, 0.0768 -0.1969 0.1496, -0.0693 0.192 0.1496, -0.0705 0.1872 0.1496, -0.0724 0.1828 0.1496, -0.0751 0.1787 0.1496, -0.0784 0.1751 0.1496, -0.0822 0.1721 0.1496, -0.0865 0.1698 0.1496, -0.0911 0.1682 0.1496, -0.0959 0.1674 0.1496, -0.1008 0.1674 0.1496, -0.1056 0.1682 0.1496, -0.1102 0.1698 0.1496, -0.1145 0.1721 0.1496, -0.1184 0.1751 0.1496, -0.1217 0.1787 0.1496, -0.1244 0.1828 0.1496, -0.1263 0.1872 0.1496, -0.1275 0.192 0.1496, -0.12 0.1968 0.0, -0.12 0.1968 0.1496, -0.1197 0.1929 0.0, -0.1197 0.1929 0.1496, -0.1186 0.189 0.0, -0.1186 0.189 0.1496, -0.1168 0.1854 0.0, -0.1168 0.1854 0.1496, -0.1144 0.1822 0.0, -0.1144 0.1822 0.1496, -0.1114 0.1796 0.0, -0.1114 0.1796 0.1496, -0.108 0.1774 0.0, -0.108 0.1774 0.1496, -0.1043 0.176 0.0, -0.1043 0.176 0.1496, -0.1004 0.1753 0.0, -0.1004 0.1753 0.1496, -0.0964 0.1753 0.0, -0.0964 0.1753 0.1496, -0.0925 0.176 0.0, -0.0925 0.176 0.1496, -0.0887 0.1774 0.0, -0.0887 0.1774 0.1496, -0.0853 0.1796 0.0, -0.0853 0.1796 0.1496, -0.0824 0.1822 0.0, -0.0824 0.1822 0.1496, -0.08 0.1854 0.0, -0.08 0.1854 0.1496, -0.0782 0.189 0.0, -0.0782 0.189 0.1496, -0.0771 0.1929 0.0, -0.0771 0.1929 0.1496, -0.0767 0.1968 0.0, -0.0767 0.1968 0.1496, -0.1275 -0.192 0.1496, -0.1263 -0.1873 0.1496, -0.1244 -0.1828 0.1496, -0.1217 -0.1787 0.1496, -0.1184 -0.1751 0.1496, -0.1145 -0.1722 0.1496, -0.1102 -0.1698 0.1496, -0.1056 -0.1682 0.1496, -0.1008 -0.1674 0.1496, -0.0959 -0.1674 0.1496, -0.0911 -0.1682 0.1496, -0.0865 -0.1698 0.1496, -0.0822 -0.1722 0.1496, -0.0784 -0.1751 0.1496, -0.0751 -0.1787 0.1496, -0.0724 -0.1828 0.1496, -0.0705 -0.1873 0.1496, -0.0693 -0.192 0.1496, -0.0767 -0.1969 0.0, -0.0767 -0.1969 0.1496, -0.0771 -0.1929 0.0, -0.0771 -0.1929 0.1496, -0.0782 -0.189 0.0, -0.0782 -0.189 0.1496, -0.08 -0.1855 0.0, -0.08 -0.1855 0.1496, -0.0824 -0.1823 0.0, -0.0824 -0.1823 0.1496, -0.0853 -0.1796 0.0, -0.0853 -0.1796 0.1496, -0.0887 -0.1775 0.0, -0.0887 -0.1775 0.1496, -0.0925 -0.176 0.0, -0.0925 -0.176 0.1496, -0.0964 -0.1753 0.0, -0.0964 -0.1753 0.1496, -0.1004 -0.1753 0.0, -0.1004 -0.1753 0.1496, -0.1043 -0.176 0.0, -0.1043 -0.176 0.1496, -0.108 -0.1775 0.0, -0.108 -0.1775 0.1496, -0.1114 -0.1796 0.0, -0.1114 -0.1796 0.1496, -0.1144 -0.1823 0.0, -0.1144 -0.1823 0.1496, -0.1168 -0.1855 0.0, -0.1168 -0.1855 0.1496, -0.1186 -0.189 0.0, -0.1186 -0.189 0.1496, -0.1197 -0.1929 0.0, -0.1197 -0.1929 0.1496, -0.12 -0.1969 0.0, -0.12 -0.1969 0.1496, -0.2661 0.192 0.1496, -0.2673 0.1872 0.1496, -0.2693 0.1828 0.1496, -0.2719 0.1787 0.1496, -0.2752 0.1751 0.1496, -0.2791 0.1721 0.1496, -0.2834 0.1698 0.1496, -0.288 0.1682 0.1496, -0.2928 0.1674 0.1496, -0.2977 0.1674 0.1496, -0.3025 0.1682 0.1496, -0.3071 0.1698 0.1496, -0.3114 0.1721 0.1496, -0.3152 0.1751 0.1496, -0.3185 0.1787 0.1496, -0.3212 0.1828 0.1496, -0.3232 0.1872 0.1496, -0.3244 0.192 0.1496, -0.3169 0.1968 0.0, -0.3169 0.1968 0.1496, -0.3165 0.1929 0.0, -0.3165 0.1929 0.1496, -0.3154 0.189 0.0, -0.3154 0.189 0.1496, -0.3136 0.1854 0.0, -0.3136 0.1854 0.1496, -0.3112 0.1822 0.0, -0.3112 0.1822 0.1496, -0.3083 0.1796 0.0, -0.3083 0.1796 0.1496, -0.3049 0.1774 0.0, -0.3049 0.1774 0.1496, -0.3012 0.176 0.0, -0.3012 0.176 0.1496, -0.2972 0.1753 0.0, -0.2972 0.1753 0.1496, -0.2932 0.1753 0.0, -0.2932 0.1753 0.1496, -0.2893 0.176 0.0, -0.2893 0.176 0.1496, -0.2856 0.1774 0.0, -0.2856 0.1774 0.1496, -0.2822 0.1796 0.0, -0.2822 0.1796 0.1496, -0.2792 0.1822 0.0, -0.2792 0.1822 0.1496, -0.2768 0.1854 0.0, -0.2768 0.1854 0.1496, -0.275 0.189 0.0, -0.275 0.189 0.1496, -0.274 0.1929 0.0, -0.274 0.1929 0.1496, -0.2736 0.1968 0.0, -0.2736 0.1968 0.1496, -0.3244 -0.192 0.1496, -0.3232 -0.1873 0.1496, -0.3212 -0.1828 0.1496, -0.3185 -0.1787 0.1496, -0.3152 -0.1751 0.1496, -0.3114 -0.1722 0.1496, -0.3071 -0.1698 0.1496, -0.3025 -0.1682 0.1496, -0.2977 -0.1674 0.1496, -0.2928 -0.1674 0.1496, -0.288 -0.1682 0.1496, -0.2834 -0.1698 0.1496, -0.2791 -0.1722 0.1496, -0.2752 -0.1751 0.1496, -0.2719 -0.1787 0.1496, -0.2693 -0.1828 0.1496, -0.2673 -0.1873 0.1496, -0.2661 -0.192 0.1496, -0.2736 -0.1969 0.0, -0.2736 -0.1969 0.1496, -0.274 -0.1929 0.0, -0.274 -0.1929 0.1496, -0.275 -0.189 0.0, -0.275 -0.189 0.1496, -0.2768 -0.1855 0.0, -0.2768 -0.1855 0.1496, -0.2792 -0.1823 0.0, -0.2792 -0.1823 0.1496, -0.2822 -0.1796 0.0, -0.2822 -0.1796 0.1496, -0.2856 -0.1775 0.0, -0.2856 -0.1775 0.1496, -0.2893 -0.176 0.0, -0.2893 -0.176 0.1496, -0.2932 -0.1753 0.0, -0.2932 -0.1753 0.1496, -0.2972 -0.1753 0.0, -0.2972 -0.1753 0.1496, -0.3012 -0.176 0.0, -0.3012 -0.176 0.1496, -0.3049 -0.1775 0.0, -0.3049 -0.1775 0.1496, -0.3083 -0.1796 0.0, -0.3083 -0.1796 0.1496, -0.3112 -0.1823 0.0, -0.3112 -0.1823 0.1496, -0.3136 -0.1855 0.0, -0.3136 -0.1855 0.1496, -0.3154 -0.189 0.0, -0.3154 -0.189 0.1496, -0.3165 -0.1929 0.0, -0.3165 -0.1929 0.1496, -0.3169 -0.1969 0.0, -0.3169 -0.1969 0.1496
            ]
        }
        coordIndex [
            0,1,2,-1,2,1,3,-1,0,2,4,-1,4,2,5,-1,4,5,6,-1,6,5,7,-1,6,7,8,-1,8,7,9,-1,8,9,10,-1,10,9,11,-1,10,11,12,-1,12,11,13,-1,12,13,14,-1,14,13,15,-1,14,15,16,-1,16,15,17,-1,16,17,18,-1,18,17,19,-1,18,19,20,-1,20,19,21,-1,20,21,22,-1,22,21,23,-1,22,23,24,-1,24,23,25,-1,24,25,26,-1,26,25,27,-1,26,27,28,-1,28,27,29,-1,28,29,30,-1,30,29,31,-1,30,31,32,-1,32,31,33,-1,32,33,34,-1,34,33,35,-1,34,35,36,-1,36,35,37,-1,36,37,38,-1,38,37,39,-1,38,39,40,-1,40,39,41,-1,40,41,42,-1,42,41,43,-1,42,43,44,-1,44,43,45,-1,46,44,47,-1,47,44,45,-1,48,46,49,-1,49,46,47,-1,50,48,51,-1,51,48,49,-1,1,50,3,-1,3,50,51,-1,42,44,46,-1,42,46,40,-1,10,12,50,-1,40,46,38,-1,38,46,48,-1,38,48,36,-1,12,14,50,-1,50,14,16,-1,50,16,18,-1,30,48,28,-1,28,48,26,-1,30,32,48,-1,48,32,34,-1,48,34,36,-1,0,4,1,-1,1,4,6,-1,1,6,50,-1,50,6,8,-1,50,8,10,-1,18,20,50,-1,50,20,22,-1,50,22,48,-1,48,22,24,-1,48,24,26,-1,5,2,3,-1,37,35,49,-1,45,43,47,-1,47,43,41,-1,47,41,49,-1,49,41,39,-1,49,39,37,-1,35,33,49,-1,49,33,31,-1,49,31,29,-1,21,19,51,-1,19,17,51,-1,51,17,15,-1,51,15,13,-1,13,11,51,-1,51,11,9,-1,51,9,3,-1,3,9,7,-1,3,7,5,-1,29,27,49,-1,49,27,25,-1,49,25,51,-1,51,25,23,-1,51,23,21,-1,52,53,54,-1,54,53,55,-1,54,55,56,-1,56,55,57,-1,56,57,58,-1,58,57,59,-1,58,59,60,-1,60,59,61,-1,60,61,62,-1,62,61,63,-1,62,63,64,-1,64,63,65,-1,64,65,66,-1,66,65,67,-1,66,67,68,-1,68,67,69,-1,68,69,70,-1,70,69,71,-1,70,71,72,-1,72,71,73,-1,72,73,74,-1,74,73,75,-1,74,75,76,-1,76,75,77,-1,76,77,78,-1,78,77,79,-1,78,79,80,-1,80,79,81,-1,80,81,82,-1,82,81,83,-1,82,83,84,-1,84,83,85,-1,84,85,86,-1,86,85,87,-1,86,87,88,-1,88,87,89,-1,88,89,90,-1,90,89,91,-1,90,91,92,-1,92,91,93,-1,92,93,94,-1,94,93,95,-1,96,94,97,-1,97,94,95,-1,98,96,99,-1,99,96,97,-1,100,98,101,-1,101,98,99,-1,102,100,103,-1,103,100,101,-1,52,102,53,-1,53,102,103,-1,92,94,96,-1,76,78,98,-1,52,54,102,-1,102,54,56,-1,102,56,100,-1,78,80,98,-1,98,80,82,-1,98,82,84,-1,56,58,100,-1,100,58,60,-1,100,60,62,-1,62,64,100,-1,100,64,66,-1,100,66,68,-1,68,70,100,-1,100,70,72,-1,100,72,98,-1,98,72,74,-1,98,74,76,-1,84,86,98,-1,98,86,88,-1,98,88,96,-1,96,88,90,-1,96,90,92,-1,55,53,103,-1,99,87,85,-1,85,83,99,-1,99,83,81,-1,99,81,79,-1,101,59,103,-1,103,59,57,-1,103,57,55,-1,95,93,97,-1,97,93,91,-1,97,91,99,-1,99,91,89,-1,99,89,87,-1,79,77,99,-1,99,77,75,-1,99,75,101,-1,101,75,73,-1,101,73,71,-1,71,69,101,-1,101,69,67,-1,101,67,65,-1,65,63,101,-1,101,63,61,-1,101,61,59,-1,104,105,106,-1,106,105,107,-1,106,107,108,-1,108,107,109,-1,108,109,110,-1,110,109,111,-1,110,111,112,-1,112,111,113,-1,112,113,114,-1,114,113,115,-1,114,115,116,-1,116,115,117,-1,116,117,118,-1,118,117,119,-1,118,119,120,-1,120,119,121,-1,120,121,122,-1,122,121,123,-1,122,123,124,-1,124,123,125,-1,124,125,126,-1,126,125,127,-1,126,127,128,-1,128,127,129,-1,128,129,130,-1,130,129,131,-1,130,131,132,-1,132,131,133,-1,132,133,134,-1,134,133,135,-1,134,135,136,-1,136,135,137,-1,136,137,138,-1,138,137,139,-1,138,139,140,-1,140,139,141,-1,140,141,142,-1,142,141,143,-1,142,143,144,-1,144,143,145,-1,144,145,146,-1,146,145,147,-1,148,146,149,-1,149,146,147,-1,150,148,151,-1,151,148,149,-1,152,150,153,-1,153,150,151,-1,154,152,155,-1,155,152,153,-1,104,154,105,-1,105,154,155,-1,144,146,148,-1,150,128,130,-1,130,132,150,-1,150,132,134,-1,150,134,136,-1,136,138,150,-1,150,138,140,-1,150,140,148,-1,148,140,142,-1,148,142,144,-1,112,114,152,-1,120,122,152,-1,152,122,124,-1,152,124,150,-1,150,124,126,-1,150,126,128,-1,114,116,152,-1,152,116,118,-1,152,118,120,-1,104,106,154,-1,154,106,108,-1,154,108,152,-1,152,108,110,-1,152,110,112,-1,107,105,155,-1,139,137,151,-1,137,135,151,-1,151,135,133,-1,151,133,131,-1,147,145,149,-1,149,145,143,-1,149,143,151,-1,151,143,141,-1,151,141,139,-1,153,123,121,-1,131,129,151,-1,151,129,127,-1,151,127,153,-1,153,127,125,-1,153,125,123,-1,121,119,153,-1,153,119,117,-1,153,117,115,-1,115,113,153,-1,153,113,111,-1,153,111,155,-1,155,111,109,-1,155,109,107,-1,156,157,158,-1,158,157,159,-1,158,159,160,-1,160,159,161,-1,160,161,162,-1,162,161,163,-1,162,163,164,-1,164,163,165,-1,164,165,166,-1,166,165,167,-1,166,167,168,-1,168,167,169,-1,168,169,170,-1,170,169,171,-1,170,171,172,-1,172,171,173,-1,172,173,174,-1,174,173,175,-1,174,175,176,-1,176,175,177,-1,176,177,178,-1,178,177,179,-1,178,179,180,-1,180,179,181,-1,180,181,182,-1,182,181,183,-1,182,183,184,-1,184,183,185,-1,184,185,186,-1,186,185,187,-1,186,187,188,-1,188,187,189,-1,188,189,190,-1,190,189,191,-1,190,191,192,-1,192,191,193,-1,192,193,194,-1,194,193,195,-1,194,195,196,-1,196,195,197,-1,196,197,198,-1,198,197,199,-1,200,198,201,-1,201,198,199,-1,202,200,203,-1,203,200,201,-1,204,202,205,-1,205,202,203,-1,206,204,207,-1,207,204,205,-1,156,206,157,-1,157,206,207,-1,196,198,200,-1,164,166,204,-1,156,158,206,-1,206,158,160,-1,206,160,204,-1,204,160,162,-1,204,162,164,-1,202,180,182,-1,182,184,202,-1,202,184,186,-1,202,186,188,-1,166,168,204,-1,204,168,170,-1,204,170,172,-1,172,174,204,-1,204,174,176,-1,204,176,202,-1,202,176,178,-1,202,178,180,-1,188,190,202,-1,202,190,192,-1,202,192,200,-1,200,192,194,-1,200,194,196,-1,159,157,207,-1,165,163,205,-1,191,189,203,-1,205,163,207,-1,207,163,161,-1,207,161,159,-1,189,187,203,-1,203,187,185,-1,203,185,183,-1,177,205,179,-1,179,205,203,-1,179,203,181,-1,181,203,183,-1,177,175,205,-1,205,175,173,-1,205,173,171,-1,171,169,205,-1,205,169,167,-1,205,167,165,-1,199,197,201,-1,201,197,195,-1,201,195,203,-1,203,195,193,-1,203,193,191,-1,208,209,210,-1,210,209,211,-1,210,211,212,-1,212,211,213,-1,212,213,214,-1,214,213,215,-1,214,215,216,-1,216,215,217,-1,216,217,218,-1,218,217,219,-1,218,219,220,-1,220,219,221,-1,220,221,222,-1,222,221,223,-1,222,223,224,-1,224,223,225,-1,224,225,226,-1,226,225,227,-1,226,227,228,-1,228,227,229,-1,228,229,230,-1,230,229,231,-1,230,231,232,-1,232,231,233,-1,232,233,234,-1,234,233,235,-1,234,235,236,-1,236,235,237,-1,236,237,238,-1,238,237,239,-1,238,239,240,-1,240,239,241,-1,240,241,242,-1,242,241,243,-1,242,243,244,-1,244,243,245,-1,244,245,246,-1,246,245,247,-1,246,247,248,-1,248,247,249,-1,248,249,250,-1,250,249,251,-1,252,250,253,-1,253,250,251,-1,254,252,255,-1,255,252,253,-1,256,254,257,-1,257,254,255,-1,258,256,259,-1,259,256,257,-1,208,258,209,-1,209,258,259,-1,248,250,252,-1,216,218,256,-1,208,210,258,-1,258,210,212,-1,258,212,256,-1,256,212,214,-1,256,214,216,-1,218,220,256,-1,256,220,222,-1,256,222,224,-1,254,232,234,-1,234,236,254,-1,254,236,238,-1,254,238,240,-1,224,226,256,-1,256,226,228,-1,256,228,254,-1,254,228,230,-1,254,230,232,-1,240,242,254,-1,254,242,244,-1,254,244,252,-1,252,244,246,-1,252,246,248,-1,211,209,259,-1,217,215,257,-1,257,215,259,-1,259,215,213,-1,259,213,211,-1,243,241,255,-1,223,257,225,-1,225,257,227,-1,223,221,257,-1,257,221,219,-1,257,219,217,-1,241,239,255,-1,255,239,237,-1,255,237,235,-1,235,233,255,-1,255,233,231,-1,255,231,257,-1,257,231,229,-1,257,229,227,-1,251,249,253,-1,253,249,247,-1,253,247,255,-1,255,247,245,-1,255,245,243,-1,260,261,262,-1,262,261,263,-1,262,263,264,-1,264,263,265,-1,264,265,266,-1,266,265,267,-1,266,267,268,-1,268,267,269,-1,268,269,270,-1,270,269,271,-1,270,271,272,-1,272,271,273,-1,272,273,274,-1,274,273,275,-1,274,275,276,-1,276,275,277,-1,276,277,278,-1,278,277,279,-1,278,279,280,-1,280,279,281,-1,280,281,282,-1,282,281,283,-1,282,283,284,-1,284,283,285,-1,284,285,286,-1,286,285,287,-1,286,287,288,-1,288,287,289,-1,288,289,290,-1,290,289,291,-1,290,291,292,-1,292,291,293,-1,292,293,294,-1,294,293,295,-1,294,295,296,-1,296,295,297,-1,296,297,298,-1,298,297,299,-1,298,299,300,-1,300,299,301,-1,300,301,302,-1,302,301,303,-1,304,302,305,-1,305,302,303,-1,306,304,307,-1,307,304,305,-1,308,306,309,-1,309,306,307,-1,310,308,311,-1,311,308,309,-1,260,310,261,-1,261,310,311,-1,300,302,304,-1,268,270,308,-1,260,262,310,-1,310,262,264,-1,310,264,308,-1,308,264,266,-1,308,266,268,-1,270,272,308,-1,308,272,274,-1,308,274,276,-1,306,284,286,-1,286,288,306,-1,306,288,290,-1,306,290,292,-1,292,294,306,-1,306,294,296,-1,306,296,304,-1,304,296,298,-1,304,298,300,-1,276,278,308,-1,308,278,280,-1,308,280,306,-1,306,280,282,-1,306,282,284,-1,263,261,311,-1,309,279,277,-1,295,293,307,-1,293,291,307,-1,307,291,289,-1,307,289,287,-1,287,285,307,-1,307,285,283,-1,307,283,309,-1,309,283,281,-1,309,281,279,-1,303,301,305,-1,305,301,299,-1,305,299,307,-1,307,299,297,-1,307,297,295,-1,277,275,309,-1,309,275,273,-1,309,273,271,-1,271,269,309,-1,309,269,267,-1,309,267,311,-1,311,267,265,-1,311,265,263,-1,312,313,314,-1,314,313,315,-1,314,315,316,-1,316,315,317,-1,316,317,318,-1,318,317,319,-1,318,319,320,-1,320,319,321,-1,320,321,322,-1,322,321,323,-1,322,323,324,-1,324,323,325,-1,324,325,326,-1,326,325,327,-1,326,327,328,-1,328,327,329,-1,328,329,330,-1,330,329,331,-1,330,331,332,-1,332,331,333,-1,332,333,334,-1,334,333,335,-1,334,335,336,-1,336,335,337,-1,336,337,338,-1,338,337,339,-1,338,339,340,-1,340,339,341,-1,340,341,342,-1,342,341,343,-1,342,343,344,-1,344,343,345,-1,344,345,346,-1,346,345,347,-1,346,347,348,-1,348,347,349,-1,348,349,350,-1,350,349,351,-1,350,351,352,-1,352,351,353,-1,352,353,354,-1,354,353,355,-1,356,354,357,-1,357,354,355,-1,358,356,359,-1,359,356,357,-1,360,358,361,-1,361,358,359,-1,362,360,363,-1,363,360,361,-1,312,362,313,-1,313,362,363,-1,352,354,356,-1,346,348,358,-1,358,348,356,-1,356,348,350,-1,356,350,352,-1,320,322,360,-1,340,358,338,-1,338,358,336,-1,340,342,358,-1,358,342,344,-1,358,344,346,-1,312,314,362,-1,362,314,316,-1,362,316,360,-1,360,316,318,-1,360,318,320,-1,322,324,360,-1,360,324,326,-1,360,326,328,-1,328,330,360,-1,360,330,332,-1,360,332,358,-1,358,332,334,-1,358,334,336,-1,315,313,363,-1,347,345,359,-1,355,353,357,-1,357,353,351,-1,357,351,359,-1,359,351,349,-1,359,349,347,-1,361,331,329,-1,345,343,359,-1,359,343,341,-1,359,341,339,-1,339,337,359,-1,359,337,335,-1,359,335,361,-1,361,335,333,-1,361,333,331,-1,329,327,361,-1,361,327,325,-1,361,325,323,-1,323,321,361,-1,361,321,319,-1,361,319,363,-1,363,319,317,-1,363,317,315,-1,364,365,366,-1,366,365,367,-1,366,367,368,-1,368,367,369,-1,368,369,370,-1,370,369,371,-1,370,371,372,-1,372,371,373,-1,372,373,374,-1,374,373,375,-1,374,375,376,-1,376,375,377,-1,376,377,378,-1,378,377,379,-1,378,379,380,-1,380,379,381,-1,380,381,382,-1,382,381,383,-1,382,383,384,-1,384,383,385,-1,384,385,386,-1,386,385,387,-1,386,387,388,-1,388,387,389,-1,388,389,390,-1,390,389,391,-1,390,391,392,-1,392,391,393,-1,392,393,394,-1,394,393,395,-1,394,395,396,-1,396,395,397,-1,396,397,398,-1,398,397,399,-1,398,399,400,-1,400,399,401,-1,400,401,402,-1,402,401,403,-1,402,403,404,-1,404,403,405,-1,404,405,406,-1,406,405,407,-1,408,406,409,-1,409,406,407,-1,410,408,411,-1,411,408,409,-1,412,410,413,-1,413,410,411,-1,414,412,415,-1,415,412,413,-1,364,414,365,-1,365,414,415,-1,404,406,408,-1,388,390,410,-1,396,398,410,-1,410,398,400,-1,410,400,408,-1,408,400,402,-1,408,402,404,-1,412,372,374,-1,390,392,410,-1,410,392,394,-1,410,394,396,-1,364,366,414,-1,414,366,368,-1,414,368,412,-1,412,368,370,-1,412,370,372,-1,374,376,412,-1,412,376,378,-1,412,378,380,-1,380,382,412,-1,412,382,384,-1,412,384,410,-1,410,384,386,-1,410,386,388,-1,367,365,415,-1,399,397,411,-1,407,405,409,-1,409,405,403,-1,409,403,411,-1,411,403,401,-1,411,401,399,-1,413,383,381,-1,397,395,411,-1,411,395,393,-1,411,393,391,-1,375,373,413,-1,413,373,371,-1,413,371,415,-1,415,371,369,-1,415,369,367,-1,391,389,411,-1,411,389,387,-1,411,387,413,-1,413,387,385,-1,413,385,383,-1,381,379,413,-1,413,379,377,-1,413,377,375,-1,416,417,418,-1,418,417,419,-1,418,419,420,-1,420,419,421,-1,420,421,422,-1,422,421,423,-1,422,423,424,-1,424,423,425,-1,424,425,426,-1,426,425,427,-1,426,427,428,-1,428,427,429,-1,428,429,430,-1,430,429,431,-1,430,431,432,-1,432,431,433,-1,432,433,434,-1,434,433,435,-1,434,435,436,-1,436,435,437,-1,436,437,438,-1,438,437,439,-1,438,439,440,-1,440,439,441,-1,440,441,442,-1,442,441,443,-1,442,443,444,-1,444,443,445,-1,444,445,446,-1,446,445,447,-1,446,447,448,-1,448,447,449,-1,448,449,450,-1,450,449,451,-1,450,451,452,-1,452,451,453,-1,452,453,454,-1,454,453,455,-1,456,454,457,-1,457,454,455,-1,458,456,459,-1,459,456,457,-1,458,459,460,-1,458,460,461,-1,461,460,462,-1,461,462,463,-1,463,462,464,-1,463,464,465,-1,465,464,466,-1,465,466,467,-1,467,466,468,-1,467,468,469,-1,469,468,470,-1,469,470,471,-1,471,470,472,-1,471,472,473,-1,473,472,474,-1,473,474,475,-1,475,474,476,-1,475,476,477,-1,477,476,478,-1,477,478,479,-1,479,478,480,-1,479,480,481,-1,481,480,482,-1,481,482,483,-1,483,482,484,-1,483,484,485,-1,485,484,486,-1,485,486,487,-1,487,486,488,-1,487,488,489,-1,489,488,490,-1,489,490,491,-1,491,490,492,-1,491,492,493,-1,493,492,494,-1,493,494,495,-1,495,494,496,-1,495,496,497,-1,497,496,498,-1,497,498,499,-1,499,498,500,-1,499,500,501,-1,501,500,502,-1,501,502,503,-1,503,502,504,-1,503,504,505,-1,505,504,506,-1,505,506,507,-1,507,506,508,-1,507,508,509,-1,509,508,510,-1,509,510,511,-1,512,511,513,-1,513,511,510,-1,416,512,417,-1,417,512,513,-1,416,418,512,-1,512,418,420,-1,512,420,511,-1,511,420,422,-1,456,458,448,-1,448,450,456,-1,456,450,452,-1,456,452,454,-1,442,444,458,-1,458,444,446,-1,458,446,448,-1,422,424,511,-1,511,424,426,-1,511,426,509,-1,509,426,428,-1,509,428,507,-1,507,428,505,-1,505,428,430,-1,505,430,503,-1,495,497,432,-1,432,497,499,-1,432,499,430,-1,430,499,501,-1,430,501,503,-1,495,432,493,-1,493,432,434,-1,493,434,491,-1,479,481,436,-1,485,487,434,-1,434,487,489,-1,434,489,491,-1,458,461,442,-1,442,461,463,-1,442,463,440,-1,440,463,465,-1,436,481,434,-1,434,481,483,-1,434,483,485,-1,465,467,440,-1,440,467,469,-1,440,469,438,-1,438,469,471,-1,471,473,438,-1,438,473,475,-1,438,475,436,-1,436,475,477,-1,436,477,479,-1,419,417,513,-1,510,423,513,-1,513,423,421,-1,513,421,419,-1,449,459,451,-1,451,459,457,-1,451,457,453,-1,453,457,455,-1,502,500,431,-1,431,500,498,-1,431,498,433,-1,429,427,510,-1,510,427,425,-1,510,425,423,-1,449,447,459,-1,459,447,445,-1,459,445,460,-1,460,445,443,-1,460,443,462,-1,510,508,429,-1,429,508,506,-1,429,506,431,-1,431,506,504,-1,431,504,502,-1,462,443,464,-1,464,443,441,-1,464,441,466,-1,474,472,439,-1,439,472,470,-1,439,470,441,-1,441,470,468,-1,441,468,466,-1,474,439,476,-1,476,439,437,-1,476,437,478,-1,490,488,435,-1,435,488,486,-1,498,496,433,-1,433,496,494,-1,433,494,435,-1,435,494,492,-1,435,492,490,-1,486,484,435,-1,435,484,482,-1,435,482,437,-1,437,482,480,-1,437,480,478,-1,514,515,516,-1,516,515,517,-1,516,517,518,-1,518,517,519,-1,518,519,520,-1,520,519,521,-1,520,521,522,-1,522,521,523,-1,522,523,524,-1,524,523,525,-1,524,525,526,-1,526,525,527,-1,526,527,528,-1,528,527,529,-1,528,529,530,-1,530,529,531,-1,530,531,532,-1,532,531,533,-1,532,533,534,-1,534,533,535,-1,534,535,536,-1,536,535,537,-1,536,537,538,-1,538,537,539,-1,538,539,540,-1,540,539,541,-1,540,541,542,-1,542,541,543,-1,542,543,544,-1,544,543,545,-1,544,545,546,-1,546,545,547,-1,546,547,548,-1,548,547,549,-1,548,549,550,-1,550,549,551,-1,550,551,552,-1,552,551,553,-1,554,552,555,-1,555,552,553,-1,556,554,557,-1,557,554,555,-1,556,557,558,-1,556,558,559,-1,559,558,560,-1,559,560,561,-1,561,560,562,-1,561,562,563,-1,563,562,564,-1,563,564,565,-1,565,564,566,-1,565,566,567,-1,567,566,568,-1,567,568,569,-1,569,568,570,-1,569,570,571,-1,571,570,572,-1,571,572,573,-1,573,572,574,-1,573,574,575,-1,575,574,576,-1,575,576,577,-1,577,576,578,-1,577,578,579,-1,579,578,580,-1,579,580,581,-1,581,580,582,-1,581,582,583,-1,583,582,584,-1,583,584,585,-1,585,584,586,-1,585,586,587,-1,587,586,588,-1,587,588,589,-1,589,588,590,-1,589,590,591,-1,591,590,592,-1,591,592,593,-1,593,592,594,-1,593,594,595,-1,595,594,596,-1,595,596,597,-1,597,596,598,-1,597,598,599,-1,599,598,600,-1,599,600,601,-1,601,600,602,-1,601,602,603,-1,603,602,604,-1,603,604,605,-1,605,604,606,-1,605,606,607,-1,607,606,608,-1,607,608,609,-1,610,609,611,-1,611,609,608,-1,514,610,515,-1,515,610,611,-1,554,556,546,-1,565,567,538,-1,546,548,554,-1,554,548,550,-1,554,550,552,-1,514,516,610,-1,610,516,518,-1,610,518,609,-1,609,518,520,-1,585,587,532,-1,520,522,609,-1,609,522,524,-1,609,524,607,-1,607,524,526,-1,599,601,528,-1,528,601,603,-1,528,603,526,-1,526,603,605,-1,526,605,607,-1,599,528,597,-1,597,528,530,-1,597,530,595,-1,540,542,556,-1,556,542,544,-1,556,544,546,-1,571,573,536,-1,536,573,575,-1,536,575,534,-1,538,567,536,-1,536,567,569,-1,536,569,571,-1,556,559,540,-1,540,559,561,-1,540,561,538,-1,538,561,563,-1,538,563,565,-1,585,532,583,-1,587,589,532,-1,532,589,591,-1,532,591,530,-1,530,591,593,-1,530,593,595,-1,575,577,534,-1,534,577,579,-1,534,579,532,-1,532,579,581,-1,532,581,583,-1,517,515,611,-1,547,557,549,-1,549,557,555,-1,549,555,551,-1,551,555,553,-1,608,521,611,-1,611,521,519,-1,611,519,517,-1,594,531,596,-1,596,531,529,-1,596,529,598,-1,598,529,600,-1,527,525,608,-1,608,525,523,-1,608,523,521,-1,608,606,527,-1,527,606,604,-1,527,604,529,-1,529,604,602,-1,529,602,600,-1,547,545,557,-1,557,545,543,-1,557,543,558,-1,558,543,541,-1,558,541,560,-1,560,541,562,-1,562,541,539,-1,562,539,564,-1,572,570,537,-1,537,570,568,-1,537,568,539,-1,539,568,566,-1,539,566,564,-1,572,537,574,-1,574,537,535,-1,574,535,576,-1,582,580,535,-1,535,580,578,-1,535,578,576,-1,594,592,531,-1,531,592,590,-1,531,590,533,-1,590,588,533,-1,533,588,586,-1,533,586,535,-1,535,586,584,-1,535,584,582,-1,612,613,614,-1,612,614,615,-1,615,614,616,-1,615,616,617,-1,617,616,618,-1,617,618,619,-1,619,618,620,-1,619,620,621,-1,621,620,622,-1,621,622,623,-1,623,622,624,-1,623,624,625,-1,625,624,626,-1,625,626,627,-1,627,626,628,-1,627,628,629,-1,629,628,630,-1,629,630,631,-1,631,630,632,-1,631,632,633,-1,633,632,634,-1,633,634,635,-1,635,634,636,-1,635,636,637,-1,637,636,638,-1,637,638,639,-1,639,638,640,-1,639,640,641,-1,641,640,642,-1,641,642,643,-1,643,642,644,-1,643,644,645,-1,645,644,646,-1,645,646,647,-1,647,646,648,-1,647,648,649,-1,649,648,650,-1,649,650,651,-1,651,650,652,-1,651,652,653,-1,653,652,654,-1,653,654,655,-1,655,654,656,-1,655,656,657,-1,657,656,658,-1,657,658,659,-1,659,658,660,-1,659,660,661,-1,661,660,662,-1,661,662,663,-1,663,662,664,-1,663,664,665,-1,665,664,666,-1,665,666,667,-1,668,667,669,-1,669,667,666,-1,670,668,671,-1,671,668,669,-1,670,671,672,-1,672,671,673,-1,672,673,674,-1,674,673,675,-1,674,675,676,-1,676,675,677,-1,676,677,678,-1,678,677,679,-1,678,679,680,-1,680,679,681,-1,680,681,682,-1,682,681,683,-1,682,683,684,-1,684,683,685,-1,684,685,686,-1,686,685,687,-1,686,687,688,-1,688,687,689,-1,688,689,690,-1,690,689,691,-1,690,691,692,-1,692,691,693,-1,692,693,694,-1,694,693,695,-1,694,695,696,-1,696,695,697,-1,696,697,698,-1,698,697,699,-1,698,699,700,-1,700,699,701,-1,700,701,702,-1,702,701,703,-1,702,703,704,-1,704,703,705,-1,704,705,706,-1,706,705,707,-1,706,707,708,-1,708,707,709,-1,708,709,710,-1,710,709,711,-1,712,710,713,-1,713,710,711,-1,612,712,613,-1,613,712,713,-1,708,710,712,-1,612,704,712,-1,712,704,706,-1,712,706,708,-1,670,672,668,-1,668,672,674,-1,668,674,667,-1,667,674,676,-1,676,678,667,-1,667,678,680,-1,667,680,665,-1,665,680,682,-1,651,686,649,-1,649,686,688,-1,649,688,647,-1,639,690,637,-1,637,690,692,-1,637,692,635,-1,635,692,633,-1,698,700,612,-1,612,700,702,-1,612,702,704,-1,657,684,655,-1,655,684,686,-1,655,686,653,-1,653,686,651,-1,633,692,631,-1,631,692,694,-1,631,694,629,-1,657,659,684,-1,684,659,661,-1,684,661,682,-1,682,661,663,-1,682,663,665,-1,639,641,690,-1,690,641,643,-1,690,643,688,-1,688,643,645,-1,688,645,647,-1,621,623,696,-1,696,623,625,-1,696,625,694,-1,694,625,627,-1,694,627,629,-1,612,615,698,-1,698,615,617,-1,698,617,696,-1,696,617,619,-1,696,619,621,-1,673,671,669,-1,711,709,713,-1,713,709,707,-1,713,707,613,-1,613,707,705,-1,683,681,666,-1,681,679,666,-1,666,679,677,-1,666,677,669,-1,669,677,675,-1,669,675,673,-1,705,703,613,-1,613,703,701,-1,613,701,614,-1,614,701,699,-1,614,699,616,-1,616,699,618,-1,618,699,697,-1,618,697,620,-1,628,695,630,-1,630,695,693,-1,630,693,632,-1,632,693,634,-1,634,693,636,-1,636,693,691,-1,636,691,638,-1,646,644,689,-1,689,644,642,-1,689,642,691,-1,691,642,640,-1,691,640,638,-1,628,626,695,-1,695,626,624,-1,695,624,697,-1,697,624,622,-1,697,622,620,-1,654,687,656,-1,656,687,685,-1,656,685,658,-1,654,652,687,-1,687,652,650,-1,687,650,689,-1,689,650,648,-1,689,648,646,-1,666,664,683,-1,683,664,662,-1,683,662,685,-1,685,662,660,-1,685,660,658,-1,714,715,716,-1,716,715,717,-1,716,717,718,-1,718,717,719,-1,718,719,720,-1,720,719,721,-1,720,721,722,-1,722,721,723,-1,722,723,724,-1,724,723,725,-1,724,725,726,-1,726,725,727,-1,726,727,728,-1,728,727,729,-1,728,729,730,-1,730,729,731,-1,730,731,732,-1,732,731,733,-1,732,733,734,-1,734,733,735,-1,734,735,736,-1,736,735,737,-1,736,737,738,-1,738,737,739,-1,738,739,740,-1,740,739,741,-1,740,741,742,-1,742,741,743,-1,742,743,744,-1,744,743,745,-1,744,745,746,-1,746,745,747,-1,746,747,748,-1,748,747,749,-1,748,749,750,-1,750,749,751,-1,750,751,752,-1,752,751,753,-1,754,752,755,-1,755,752,753,-1,756,754,757,-1,757,754,755,-1,756,757,758,-1,756,758,759,-1,759,758,760,-1,759,760,761,-1,761,760,762,-1,761,762,763,-1,763,762,764,-1,763,764,765,-1,765,764,766,-1,765,766,767,-1,767,766,768,-1,767,768,769,-1,769,768,770,-1,769,770,771,-1,771,770,772,-1,771,772,773,-1,773,772,774,-1,773,774,775,-1,775,774,776,-1,775,776,777,-1,777,776,778,-1,777,778,779,-1,779,778,780,-1,779,780,781,-1,781,780,782,-1,781,782,783,-1,783,782,784,-1,783,784,785,-1,785,784,786,-1,785,786,787,-1,787,786,788,-1,787,788,789,-1,789,788,790,-1,789,790,791,-1,791,790,792,-1,791,792,793,-1,793,792,794,-1,793,794,795,-1,795,794,796,-1,795,796,797,-1,797,796,798,-1,797,798,799,-1,799,798,800,-1,799,800,801,-1,801,800,802,-1,801,802,803,-1,803,802,804,-1,803,804,805,-1,805,804,806,-1,805,806,807,-1,807,806,808,-1,807,808,809,-1,810,809,811,-1,811,809,808,-1,714,810,715,-1,715,810,811,-1,714,716,810,-1,810,716,718,-1,810,718,809,-1,809,718,720,-1,799,728,797,-1,797,728,730,-1,797,730,795,-1,785,787,732,-1,754,756,746,-1,720,722,809,-1,809,722,724,-1,809,724,807,-1,807,724,726,-1,799,801,728,-1,728,801,803,-1,728,803,726,-1,726,803,805,-1,726,805,807,-1,746,748,754,-1,754,748,750,-1,754,750,752,-1,769,736,767,-1,767,736,738,-1,767,738,765,-1,769,771,736,-1,736,771,773,-1,736,773,734,-1,734,773,775,-1,734,775,777,-1,740,742,756,-1,756,742,744,-1,756,744,746,-1,787,789,732,-1,732,789,791,-1,732,791,730,-1,730,791,793,-1,730,793,795,-1,777,779,734,-1,734,779,781,-1,734,781,732,-1,732,781,783,-1,732,783,785,-1,756,759,740,-1,740,759,761,-1,740,761,738,-1,738,761,763,-1,738,763,765,-1,717,715,811,-1,747,757,749,-1,749,757,755,-1,749,755,751,-1,751,755,753,-1,808,721,811,-1,811,721,719,-1,811,719,717,-1,747,745,757,-1,757,745,743,-1,757,743,758,-1,758,743,741,-1,758,741,760,-1,796,731,798,-1,798,731,729,-1,798,729,800,-1,727,725,808,-1,808,725,723,-1,808,723,721,-1,760,741,762,-1,762,741,739,-1,762,739,764,-1,772,770,737,-1,737,770,768,-1,737,768,739,-1,739,768,766,-1,739,766,764,-1,772,737,774,-1,774,737,735,-1,774,735,776,-1,808,806,727,-1,727,806,804,-1,727,804,729,-1,729,804,802,-1,729,802,800,-1,788,786,733,-1,733,786,784,-1,796,794,731,-1,731,794,792,-1,731,792,733,-1,733,792,790,-1,733,790,788,-1,784,782,733,-1,733,782,780,-1,733,780,735,-1,735,780,778,-1,735,778,776,-1,812,813,814,-1,814,813,815,-1,814,815,816,-1,816,815,817,-1,816,817,818,-1,818,817,819,-1,818,819,820,-1,820,819,821,-1,820,821,822,-1,822,821,823,-1,822,823,824,-1,824,823,825,-1,824,825,826,-1,826,825,827,-1,826,827,828,-1,828,827,829,-1,828,829,830,-1,830,829,831,-1,830,831,832,-1,832,831,833,-1,832,833,834,-1,834,833,835,-1,834,835,836,-1,836,835,837,-1,836,837,838,-1,838,837,839,-1,838,839,840,-1,840,839,841,-1,840,841,842,-1,842,841,843,-1,842,843,844,-1,844,843,845,-1,844,845,846,-1,846,845,847,-1,846,847,848,-1,848,847,849,-1,848,849,850,-1,850,849,851,-1,850,851,852,-1,852,851,853,-1,854,852,855,-1,855,852,853,-1,856,854,857,-1,857,854,855,-1,856,857,858,-1,856,858,859,-1,859,858,860,-1,859,860,861,-1,861,860,862,-1,861,862,863,-1,863,862,864,-1,863,864,865,-1,865,864,866,-1,865,866,867,-1,867,866,868,-1,867,868,869,-1,869,868,870,-1,869,870,871,-1,871,870,872,-1,871,872,873,-1,873,872,874,-1,873,874,875,-1,875,874,876,-1,875,876,877,-1,877,876,878,-1,877,878,879,-1,879,878,880,-1,879,880,881,-1,881,880,882,-1,881,882,883,-1,883,882,884,-1,883,884,885,-1,885,884,886,-1,885,886,887,-1,887,886,888,-1,887,888,889,-1,889,888,890,-1,889,890,891,-1,891,890,892,-1,891,892,893,-1,893,892,894,-1,893,894,895,-1,895,894,896,-1,895,896,897,-1,897,896,898,-1,897,898,899,-1,899,898,900,-1,899,900,901,-1,901,900,902,-1,901,902,903,-1,903,902,904,-1,903,904,905,-1,905,904,906,-1,905,906,907,-1,907,906,908,-1,907,908,909,-1,909,908,910,-1,909,910,911,-1,912,911,913,-1,913,911,910,-1,812,912,813,-1,813,912,913,-1,850,852,854,-1,812,814,912,-1,912,814,816,-1,912,816,911,-1,911,816,818,-1,818,820,911,-1,911,820,822,-1,911,822,909,-1,909,822,824,-1,909,824,907,-1,840,842,856,-1,842,844,856,-1,856,844,846,-1,856,846,854,-1,854,846,848,-1,854,848,850,-1,883,832,881,-1,881,832,834,-1,881,834,879,-1,856,859,840,-1,840,859,861,-1,840,861,838,-1,838,861,863,-1,907,824,905,-1,905,824,826,-1,905,826,903,-1,895,828,893,-1,893,828,830,-1,893,830,891,-1,883,885,832,-1,832,885,887,-1,832,887,830,-1,830,887,889,-1,830,889,891,-1,871,873,836,-1,836,873,875,-1,836,875,834,-1,834,875,877,-1,834,877,879,-1,863,865,838,-1,838,865,867,-1,838,867,836,-1,836,867,869,-1,836,869,871,-1,895,897,828,-1,828,897,899,-1,828,899,826,-1,826,899,901,-1,826,901,903,-1,815,813,913,-1,847,857,849,-1,849,857,855,-1,849,855,851,-1,851,855,853,-1,825,823,910,-1,847,845,857,-1,857,845,843,-1,857,843,858,-1,858,843,841,-1,858,841,860,-1,890,888,831,-1,823,821,910,-1,910,821,819,-1,910,819,913,-1,913,819,817,-1,913,817,815,-1,860,841,862,-1,862,841,839,-1,862,839,864,-1,872,870,837,-1,837,870,868,-1,837,868,839,-1,839,868,866,-1,839,866,864,-1,872,837,874,-1,874,837,835,-1,874,835,876,-1,884,882,833,-1,833,882,880,-1,833,880,835,-1,835,880,878,-1,835,878,876,-1,831,888,833,-1,833,888,886,-1,833,886,884,-1,890,831,892,-1,892,831,829,-1,892,829,894,-1,902,900,827,-1,827,900,898,-1,827,898,829,-1,829,898,896,-1,829,896,894,-1,910,908,825,-1,825,908,906,-1,825,906,827,-1,827,906,904,-1,827,904,902,-1,914,915,916,-1,916,915,917,-1,916,917,918,-1,918,917,919,-1,918,919,920,-1,920,919,921,-1,920,921,922,-1,922,921,923,-1,922,923,924,-1,924,923,925,-1,924,925,926,-1,926,925,927,-1,926,927,928,-1,928,927,929,-1,928,929,930,-1,930,929,931,-1,930,931,932,-1,932,931,933,-1,932,933,934,-1,934,933,935,-1,934,935,936,-1,936,935,937,-1,936,937,938,-1,938,937,939,-1,938,939,940,-1,940,939,941,-1,940,941,942,-1,942,941,943,-1,942,943,944,-1,944,943,945,-1,944,945,946,-1,946,945,947,-1,946,947,948,-1,948,947,949,-1,948,949,950,-1,950,949,951,-1,950,951,952,-1,952,951,953,-1,954,952,955,-1,955,952,953,-1,956,954,957,-1,957,954,955,-1,956,957,958,-1,956,958,959,-1,959,958,960,-1,959,960,961,-1,961,960,962,-1,961,962,963,-1,963,962,964,-1,963,964,965,-1,965,964,966,-1,965,966,967,-1,967,966,968,-1,967,968,969,-1,969,968,970,-1,969,970,971,-1,971,970,972,-1,971,972,973,-1,973,972,974,-1,973,974,975,-1,975,974,976,-1,975,976,977,-1,977,976,978,-1,977,978,979,-1,979,978,980,-1,979,980,981,-1,981,980,982,-1,981,982,983,-1,983,982,984,-1,983,984,985,-1,985,984,986,-1,985,986,987,-1,987,986,988,-1,987,988,989,-1,989,988,990,-1,989,990,991,-1,991,990,992,-1,991,992,993,-1,993,992,994,-1,993,994,995,-1,995,994,996,-1,995,996,997,-1,997,996,998,-1,997,998,999,-1,999,998,1000,-1,999,1000,1001,-1,1001,1000,1002,-1,1001,1002,1003,-1,1003,1002,1004,-1,1003,1004,1005,-1,1005,1004,1006,-1,1005,1006,1007,-1,1007,1006,1008,-1,1007,1008,1009,-1,1010,1009,1011,-1,1011,1009,1008,-1,914,1010,915,-1,915,1010,1011,-1,950,952,954,-1,999,928,997,-1,997,928,930,-1,997,930,995,-1,981,932,934,-1,981,983,932,-1,932,983,985,-1,932,985,987,-1,936,973,934,-1,934,973,975,-1,975,977,934,-1,934,977,979,-1,934,979,981,-1,920,1009,918,-1,918,1009,1010,-1,918,1010,916,-1,916,1010,914,-1,987,989,932,-1,932,989,991,-1,932,991,930,-1,930,991,993,-1,930,993,995,-1,920,922,1009,-1,1009,922,924,-1,1009,924,1007,-1,1007,924,926,-1,965,967,938,-1,938,967,969,-1,938,969,936,-1,936,969,971,-1,936,971,973,-1,956,946,954,-1,954,946,948,-1,954,948,950,-1,999,1001,928,-1,928,1001,1003,-1,928,1003,926,-1,926,1003,1005,-1,926,1005,1007,-1,940,942,956,-1,956,942,944,-1,956,944,946,-1,956,959,940,-1,940,959,961,-1,940,961,938,-1,938,961,963,-1,938,963,965,-1,1011,1008,921,-1,972,937,974,-1,974,937,935,-1,974,935,976,-1,933,986,984,-1,931,990,933,-1,933,990,988,-1,933,988,986,-1,996,994,931,-1,931,994,992,-1,931,992,990,-1,996,931,998,-1,998,931,929,-1,998,929,1000,-1,921,919,1011,-1,1011,919,917,-1,1011,917,915,-1,984,982,933,-1,933,982,980,-1,933,980,935,-1,935,980,978,-1,935,978,976,-1,927,925,1008,-1,1008,925,923,-1,1008,923,921,-1,953,951,955,-1,955,951,949,-1,955,949,957,-1,957,949,947,-1,966,939,968,-1,968,939,937,-1,968,937,970,-1,970,937,972,-1,1008,1006,927,-1,927,1006,1004,-1,927,1004,929,-1,929,1004,1002,-1,929,1002,1000,-1,947,945,957,-1,957,945,943,-1,957,943,958,-1,958,943,941,-1,966,964,939,-1,939,964,962,-1,939,962,941,-1,941,962,960,-1,941,960,958,-1,1012,1013,1014,-1,1014,1013,1015,-1,1014,1015,1016,-1,1016,1015,1017,-1,1016,1017,1018,-1,1018,1017,1019,-1,1018,1019,1020,-1,1020,1019,1021,-1,1020,1021,1022,-1,1022,1021,1023,-1,1022,1023,1024,-1,1024,1023,1025,-1,1024,1025,1026,-1,1026,1025,1027,-1,1026,1027,1028,-1,1028,1027,1029,-1,1028,1029,1030,-1,1030,1029,1031,-1,1030,1031,1032,-1,1032,1031,1033,-1,1032,1033,1034,-1,1034,1033,1035,-1,1034,1035,1036,-1,1036,1035,1037,-1,1036,1037,1038,-1,1038,1037,1039,-1,1038,1039,1040,-1,1040,1039,1041,-1,1040,1041,1042,-1,1042,1041,1043,-1,1042,1043,1044,-1,1044,1043,1045,-1,1044,1045,1046,-1,1046,1045,1047,-1,1046,1047,1048,-1,1048,1047,1049,-1,1048,1049,1050,-1,1050,1049,1051,-1,1052,1050,1053,-1,1053,1050,1051,-1,1054,1052,1055,-1,1055,1052,1053,-1,1054,1055,1056,-1,1054,1056,1057,-1,1057,1056,1058,-1,1057,1058,1059,-1,1059,1058,1060,-1,1059,1060,1061,-1,1061,1060,1062,-1,1061,1062,1063,-1,1063,1062,1064,-1,1063,1064,1065,-1,1065,1064,1066,-1,1065,1066,1067,-1,1067,1066,1068,-1,1067,1068,1069,-1,1069,1068,1070,-1,1069,1070,1071,-1,1071,1070,1072,-1,1071,1072,1073,-1,1073,1072,1074,-1,1073,1074,1075,-1,1075,1074,1076,-1,1075,1076,1077,-1,1077,1076,1078,-1,1077,1078,1079,-1,1079,1078,1080,-1,1079,1080,1081,-1,1081,1080,1082,-1,1081,1082,1083,-1,1083,1082,1084,-1,1083,1084,1085,-1,1085,1084,1086,-1,1085,1086,1087,-1,1087,1086,1088,-1,1087,1088,1089,-1,1089,1088,1090,-1,1089,1090,1091,-1,1091,1090,1092,-1,1091,1092,1093,-1,1093,1092,1094,-1,1093,1094,1095,-1,1095,1094,1096,-1,1095,1096,1097,-1,1097,1096,1098,-1,1097,1098,1099,-1,1099,1098,1100,-1,1099,1100,1101,-1,1101,1100,1102,-1,1101,1102,1103,-1,1103,1102,1104,-1,1103,1104,1105,-1,1105,1104,1106,-1,1105,1106,1107,-1,1108,1107,1109,-1,1109,1107,1106,-1,1012,1108,1013,-1,1013,1108,1109,-1,1048,1050,1052,-1,1054,1044,1052,-1,1052,1044,1046,-1,1052,1046,1048,-1,1024,1105,1022,-1,1022,1105,1107,-1,1022,1107,1020,-1,1097,1026,1095,-1,1095,1026,1028,-1,1095,1028,1093,-1,1093,1028,1091,-1,1091,1028,1089,-1,1089,1028,1030,-1,1089,1030,1087,-1,1081,1083,1030,-1,1030,1083,1085,-1,1030,1085,1087,-1,1034,1071,1032,-1,1032,1071,1073,-1,1038,1040,1054,-1,1054,1040,1042,-1,1054,1042,1044,-1,1012,1014,1108,-1,1108,1014,1016,-1,1108,1016,1107,-1,1107,1016,1018,-1,1107,1018,1020,-1,1097,1099,1026,-1,1026,1099,1101,-1,1026,1101,1024,-1,1024,1101,1103,-1,1024,1103,1105,-1,1073,1075,1032,-1,1032,1075,1077,-1,1032,1077,1030,-1,1030,1077,1079,-1,1030,1079,1081,-1,1063,1065,1036,-1,1036,1065,1067,-1,1036,1067,1034,-1,1034,1067,1069,-1,1034,1069,1071,-1,1054,1057,1038,-1,1038,1057,1059,-1,1038,1059,1036,-1,1036,1059,1061,-1,1036,1061,1063,-1,1015,1013,1109,-1,1098,1096,1027,-1,1051,1049,1053,-1,1053,1049,1047,-1,1053,1047,1055,-1,1055,1047,1045,-1,1092,1090,1029,-1,1029,1090,1088,-1,1029,1088,1031,-1,1027,1096,1029,-1,1029,1096,1094,-1,1029,1094,1092,-1,1025,1023,1106,-1,1045,1043,1055,-1,1055,1043,1041,-1,1055,1041,1056,-1,1056,1041,1039,-1,1056,1039,1058,-1,1023,1021,1106,-1,1106,1021,1019,-1,1106,1019,1109,-1,1109,1019,1017,-1,1109,1017,1015,-1,1070,1035,1072,-1,1072,1035,1033,-1,1072,1033,1074,-1,1080,1078,1033,-1,1033,1078,1076,-1,1033,1076,1074,-1,1106,1104,1025,-1,1025,1104,1102,-1,1025,1102,1027,-1,1027,1102,1100,-1,1027,1100,1098,-1,1058,1039,1060,-1,1060,1039,1037,-1,1060,1037,1062,-1,1070,1068,1035,-1,1035,1068,1066,-1,1035,1066,1037,-1,1037,1066,1064,-1,1037,1064,1062,-1,1088,1086,1031,-1,1031,1086,1084,-1,1031,1084,1033,-1,1033,1084,1082,-1,1033,1082,1080,-1,1110,1111,1112,-1,1112,1111,1113,-1,1112,1113,1114,-1,1114,1113,1115,-1,1114,1115,1116,-1,1116,1115,1117,-1,1116,1117,1118,-1,1118,1117,1119,-1,1118,1119,1120,-1,1120,1119,1121,-1,1120,1121,1122,-1,1122,1121,1123,-1,1122,1123,1124,-1,1124,1123,1125,-1,1124,1125,1126,-1,1126,1125,1127,-1,1126,1127,1128,-1,1128,1127,1129,-1,1128,1129,1130,-1,1130,1129,1131,-1,1130,1131,1132,-1,1132,1131,1133,-1,1132,1133,1134,-1,1134,1133,1135,-1,1134,1135,1136,-1,1136,1135,1137,-1,1136,1137,1138,-1,1138,1137,1139,-1,1138,1139,1140,-1,1140,1139,1141,-1,1140,1141,1142,-1,1142,1141,1143,-1,1142,1143,1144,-1,1144,1143,1145,-1,1144,1145,1146,-1,1146,1145,1147,-1,1146,1147,1148,-1,1148,1147,1149,-1,1150,1148,1151,-1,1151,1148,1149,-1,1152,1150,1153,-1,1153,1150,1151,-1,1152,1153,1154,-1,1152,1154,1155,-1,1155,1154,1156,-1,1155,1156,1157,-1,1157,1156,1158,-1,1157,1158,1159,-1,1159,1158,1160,-1,1159,1160,1161,-1,1161,1160,1162,-1,1161,1162,1163,-1,1163,1162,1164,-1,1163,1164,1165,-1,1165,1164,1166,-1,1165,1166,1167,-1,1167,1166,1168,-1,1167,1168,1169,-1,1169,1168,1170,-1,1169,1170,1171,-1,1171,1170,1172,-1,1171,1172,1173,-1,1173,1172,1174,-1,1173,1174,1175,-1,1175,1174,1176,-1,1175,1176,1177,-1,1177,1176,1178,-1,1177,1178,1179,-1,1179,1178,1180,-1,1179,1180,1181,-1,1181,1180,1182,-1,1181,1182,1183,-1,1183,1182,1184,-1,1183,1184,1185,-1,1185,1184,1186,-1,1185,1186,1187,-1,1187,1186,1188,-1,1187,1188,1189,-1,1189,1188,1190,-1,1189,1190,1191,-1,1191,1190,1192,-1,1191,1192,1193,-1,1193,1192,1194,-1,1193,1194,1195,-1,1195,1194,1196,-1,1195,1196,1197,-1,1197,1196,1198,-1,1197,1198,1199,-1,1199,1198,1200,-1,1199,1200,1201,-1,1201,1200,1202,-1,1201,1202,1203,-1,1203,1202,1204,-1,1203,1204,1205,-1,1206,1205,1207,-1,1207,1205,1204,-1,1110,1206,1111,-1,1111,1206,1207,-1,1146,1148,1150,-1,1116,1205,1114,-1,1114,1205,1206,-1,1114,1206,1112,-1,1112,1206,1110,-1,1161,1163,1134,-1,1152,1142,1150,-1,1150,1142,1144,-1,1150,1144,1146,-1,1136,1138,1152,-1,1152,1138,1140,-1,1152,1140,1142,-1,1134,1163,1132,-1,1132,1163,1165,-1,1132,1165,1167,-1,1116,1118,1205,-1,1205,1118,1120,-1,1205,1120,1203,-1,1203,1120,1122,-1,1203,1122,1201,-1,1152,1155,1136,-1,1136,1155,1157,-1,1136,1157,1134,-1,1134,1157,1159,-1,1134,1159,1161,-1,1201,1122,1199,-1,1199,1122,1124,-1,1199,1124,1197,-1,1189,1191,1126,-1,1126,1191,1193,-1,1126,1193,1124,-1,1124,1193,1195,-1,1124,1195,1197,-1,1189,1126,1187,-1,1187,1126,1128,-1,1187,1128,1185,-1,1179,1181,1128,-1,1128,1181,1183,-1,1128,1183,1185,-1,1167,1169,1132,-1,1132,1169,1171,-1,1132,1171,1130,-1,1171,1173,1130,-1,1130,1173,1175,-1,1130,1175,1128,-1,1128,1175,1177,-1,1128,1177,1179,-1,1207,1204,1117,-1,1117,1115,1207,-1,1207,1115,1113,-1,1207,1113,1111,-1,1149,1147,1151,-1,1151,1147,1145,-1,1151,1145,1153,-1,1153,1145,1143,-1,1143,1141,1153,-1,1153,1141,1139,-1,1153,1139,1154,-1,1154,1139,1137,-1,1162,1135,1164,-1,1164,1135,1133,-1,1164,1133,1166,-1,1166,1133,1168,-1,1123,1121,1204,-1,1204,1121,1119,-1,1204,1119,1117,-1,1162,1160,1135,-1,1135,1160,1158,-1,1135,1158,1137,-1,1137,1158,1156,-1,1137,1156,1154,-1,1168,1133,1170,-1,1170,1133,1131,-1,1170,1131,1172,-1,1178,1176,1131,-1,1131,1176,1174,-1,1131,1174,1172,-1,1190,1188,1127,-1,1127,1188,1186,-1,1127,1186,1129,-1,1204,1202,1123,-1,1123,1202,1200,-1,1123,1200,1125,-1,1125,1200,1198,-1,1198,1196,1125,-1,1125,1196,1194,-1,1125,1194,1127,-1,1127,1194,1192,-1,1127,1192,1190,-1,1186,1184,1129,-1,1129,1184,1182,-1,1129,1182,1131,-1,1131,1182,1180,-1,1131,1180,1178,-1,710,208,1208,-1,710,1208,1209,-1,1209,1208,1210,-1,1209,1210,1211,-1,1211,1210,1212,-1,1211,1212,1213,-1,1213,1212,1214,-1,1213,1214,1215,-1,1215,1214,1216,-1,1215,1216,1217,-1,1217,1216,1218,-1,1217,1218,1219,-1,1219,1218,1220,-1,1219,1220,1221,-1,1221,1220,1222,-1,1221,1222,1223,-1,1223,1222,1224,-1,1223,1224,1225,-1,1225,1224,1226,-1,1225,1226,1227,-1,1227,1226,1228,-1,1227,1228,1229,-1,1229,1228,1230,-1,1229,1230,1231,-1,1231,1230,1232,-1,1231,1232,1233,-1,1233,1232,1234,-1,1233,1234,1235,-1,1235,1234,1236,-1,1235,1236,1237,-1,1237,1236,1238,-1,1237,1238,1239,-1,1239,1238,1240,-1,1239,1240,1241,-1,1241,1240,1242,-1,1241,1242,1243,-1,1243,1242,250,-1,1243,250,670,-1,1244,670,1245,-1,1245,670,250,-1,1244,1245,1246,-1,1246,1245,1247,-1,1246,1247,1248,-1,1248,1247,1249,-1,1248,1249,1250,-1,1250,1249,1251,-1,1250,1251,1252,-1,1252,1251,1253,-1,1252,1253,1254,-1,1254,1253,1255,-1,1254,1255,1256,-1,1256,1255,1257,-1,1256,1257,1258,-1,1258,1257,1259,-1,1258,1259,1260,-1,1260,1259,1261,-1,1260,1261,1262,-1,1262,1261,1263,-1,1262,1263,1264,-1,1264,1263,1265,-1,1264,1265,1266,-1,1266,1265,1267,-1,1266,1267,1268,-1,1268,1267,1269,-1,1268,1269,1270,-1,1270,1269,1271,-1,1270,1271,1272,-1,1272,1271,1273,-1,1272,1273,1274,-1,1274,1273,1275,-1,1274,1275,1276,-1,1276,1275,1277,-1,1276,1277,1278,-1,1278,1277,1279,-1,710,1278,208,-1,208,1278,1279,-1,670,1244,1243,-1,1243,1244,1246,-1,1243,1246,1241,-1,1241,1246,1248,-1,1241,1248,1239,-1,1239,1248,1250,-1,1239,1250,1237,-1,1237,1250,1252,-1,1237,1252,1235,-1,1235,1252,1254,-1,1270,1217,1268,-1,1268,1217,1219,-1,1268,1219,1266,-1,1266,1219,1221,-1,1266,1221,1264,-1,1264,1221,1223,-1,1264,1223,1262,-1,1262,1223,1225,-1,1262,1225,1260,-1,1260,1225,1227,-1,1260,1227,1258,-1,1258,1227,1229,-1,1258,1229,1256,-1,1256,1229,1231,-1,1256,1231,1254,-1,1254,1231,1233,-1,1254,1233,1235,-1,1278,710,1276,-1,1276,710,1209,-1,1276,1209,1274,-1,1274,1209,1211,-1,1274,1211,1272,-1,1272,1211,1213,-1,1272,1213,1270,-1,1270,1213,1215,-1,1270,1215,1217,-1,1245,250,1247,-1,1247,250,1242,-1,1247,1242,1249,-1,1249,1242,1240,-1,1249,1240,1251,-1,1251,1240,1238,-1,1251,1238,1253,-1,1269,1216,1271,-1,1271,1216,1214,-1,1271,1214,1273,-1,1273,1214,1212,-1,1273,1212,1275,-1,1275,1212,1210,-1,1275,1210,1277,-1,1277,1210,1208,-1,1277,1208,1279,-1,1279,1208,208,-1,1238,1236,1253,-1,1253,1236,1234,-1,1253,1234,1255,-1,1255,1234,1232,-1,1255,1232,1257,-1,1257,1232,1230,-1,1257,1230,1259,-1,1259,1230,1228,-1,1259,1228,1261,-1,1261,1228,1226,-1,1261,1226,1263,-1,1263,1226,1224,-1,1263,1224,1265,-1,1265,1224,1222,-1,1265,1222,1267,-1,1267,1222,1220,-1,1267,1220,1269,-1,1269,1220,1218,-1,1269,1218,1216,-1,852,156,1280,-1,852,1280,1281,-1,1281,1280,1282,-1,1281,1282,1283,-1,1283,1282,1284,-1,1283,1284,1285,-1,1285,1284,1286,-1,1285,1286,1287,-1,1287,1286,1288,-1,1287,1288,1289,-1,1289,1288,1290,-1,1289,1290,1291,-1,1291,1290,1292,-1,1291,1292,1293,-1,1293,1292,1294,-1,1293,1294,1295,-1,1295,1294,1296,-1,1295,1296,1297,-1,1297,1296,1298,-1,1297,1298,1299,-1,1299,1298,1300,-1,1299,1300,1301,-1,1301,1300,1302,-1,1301,1302,1303,-1,1303,1302,1304,-1,1303,1304,1305,-1,1305,1304,1306,-1,1305,1306,1307,-1,1307,1306,1308,-1,1307,1308,1309,-1,1309,1308,1310,-1,1309,1310,1311,-1,1311,1310,1312,-1,1311,1312,1313,-1,1313,1312,1314,-1,1313,1314,1315,-1,1315,1314,198,-1,1315,198,812,-1,1316,812,1317,-1,1317,812,198,-1,1316,1317,1318,-1,1318,1317,1319,-1,1318,1319,1320,-1,1320,1319,1321,-1,1320,1321,1322,-1,1322,1321,1323,-1,1322,1323,1324,-1,1324,1323,1325,-1,1324,1325,1326,-1,1326,1325,1327,-1,1326,1327,1328,-1,1328,1327,1329,-1,1328,1329,1330,-1,1330,1329,1331,-1,1330,1331,1332,-1,1332,1331,1333,-1,1332,1333,1334,-1,1334,1333,1335,-1,1334,1335,1336,-1,1336,1335,1337,-1,1336,1337,1338,-1,1338,1337,1339,-1,1338,1339,1340,-1,1340,1339,1341,-1,1340,1341,1342,-1,1342,1341,1343,-1,1342,1343,1344,-1,1344,1343,1345,-1,1344,1345,1346,-1,1346,1345,1347,-1,1346,1347,1348,-1,1348,1347,1349,-1,1348,1349,1350,-1,1350,1349,1351,-1,852,1350,156,-1,156,1350,1351,-1,812,1316,1315,-1,1315,1316,1318,-1,1315,1318,1313,-1,1313,1318,1320,-1,1313,1320,1311,-1,1311,1320,1322,-1,1311,1322,1309,-1,1309,1322,1324,-1,1309,1324,1307,-1,1307,1324,1326,-1,1350,852,1348,-1,1348,852,1281,-1,1348,1281,1346,-1,1346,1281,1283,-1,1346,1283,1344,-1,1344,1283,1285,-1,1344,1285,1342,-1,1285,1287,1342,-1,1342,1287,1289,-1,1342,1289,1340,-1,1340,1289,1291,-1,1340,1291,1338,-1,1338,1291,1293,-1,1338,1293,1336,-1,1336,1293,1295,-1,1336,1295,1334,-1,1334,1295,1297,-1,1334,1297,1332,-1,1332,1297,1299,-1,1332,1299,1330,-1,1330,1299,1301,-1,1330,1301,1328,-1,1328,1301,1303,-1,1328,1303,1326,-1,1326,1303,1305,-1,1326,1305,1307,-1,156,1351,1280,-1,1280,1351,1349,-1,1280,1349,1282,-1,1282,1349,1347,-1,1282,1347,1284,-1,1284,1347,1345,-1,1284,1345,1286,-1,1286,1345,1343,-1,1286,1343,1288,-1,1288,1343,1341,-1,1317,198,1319,-1,1319,198,1314,-1,1319,1314,1321,-1,1321,1314,1312,-1,1321,1312,1323,-1,1323,1312,1310,-1,1323,1310,1325,-1,1310,1308,1325,-1,1325,1308,1306,-1,1325,1306,1327,-1,1327,1306,1304,-1,1327,1304,1329,-1,1329,1304,1302,-1,1329,1302,1331,-1,1331,1302,1300,-1,1331,1300,1333,-1,1333,1300,1298,-1,1333,1298,1335,-1,1335,1298,1296,-1,1335,1296,1337,-1,1337,1296,1294,-1,1337,1294,1339,-1,1339,1294,1292,-1,1339,1292,1341,-1,1341,1292,1290,-1,1341,1290,1288,-1,752,260,1352,-1,752,1352,750,-1,750,1352,1353,-1,750,1353,748,-1,748,1353,1354,-1,748,1354,746,-1,746,1354,1355,-1,746,1355,744,-1,744,1355,1356,-1,744,1356,742,-1,742,1356,1357,-1,742,1357,740,-1,740,1357,1358,-1,740,1358,738,-1,738,1358,1359,-1,738,1359,736,-1,736,1359,1360,-1,736,1360,734,-1,734,1360,1361,-1,734,1361,732,-1,732,1361,1362,-1,732,1362,730,-1,730,1362,1363,-1,730,1363,728,-1,728,1363,1364,-1,728,1364,726,-1,726,1364,1365,-1,726,1365,724,-1,724,1365,1366,-1,724,1366,722,-1,722,1366,1367,-1,722,1367,720,-1,720,1367,1368,-1,720,1368,718,-1,718,1368,1369,-1,718,1369,716,-1,716,1369,302,-1,716,302,714,-1,1370,714,1371,-1,1371,714,302,-1,1370,1371,1372,-1,1372,1371,1373,-1,1372,1373,1374,-1,1374,1373,1375,-1,1374,1375,1376,-1,1376,1375,1377,-1,1376,1377,1378,-1,1378,1377,1379,-1,1378,1379,1380,-1,1380,1379,1381,-1,1380,1381,1382,-1,1382,1381,1383,-1,1382,1383,1384,-1,1384,1383,1385,-1,1384,1385,1386,-1,1386,1385,1387,-1,1386,1387,1388,-1,1388,1387,1389,-1,1388,1389,1390,-1,1390,1389,1391,-1,1390,1391,1392,-1,1392,1391,1393,-1,1392,1393,1394,-1,1394,1393,1395,-1,1394,1395,1396,-1,1396,1395,1397,-1,1396,1397,1398,-1,1398,1397,1399,-1,1398,1399,1400,-1,1400,1399,1401,-1,1400,1401,1402,-1,1402,1401,1403,-1,1402,1403,1404,-1,1404,1403,1405,-1,752,1404,260,-1,260,1404,1405,-1,1404,752,1402,-1,1402,752,750,-1,1402,750,1400,-1,1400,750,748,-1,1400,748,1398,-1,1398,748,746,-1,1398,746,1396,-1,1380,724,1378,-1,1378,724,722,-1,1378,722,1376,-1,1376,722,720,-1,1376,720,1374,-1,1374,720,718,-1,1374,718,1372,-1,1372,718,716,-1,1372,716,1370,-1,1370,716,714,-1,746,744,1396,-1,1396,744,742,-1,1396,742,1394,-1,1394,742,740,-1,1394,740,1392,-1,1392,740,738,-1,1392,738,1390,-1,1390,738,736,-1,1390,736,1388,-1,1388,736,734,-1,1388,734,1386,-1,1386,734,732,-1,1386,732,1384,-1,1384,732,730,-1,1384,730,1382,-1,1382,730,728,-1,1382,728,1380,-1,1380,728,726,-1,1380,726,724,-1,260,1405,1352,-1,1352,1405,1403,-1,1352,1403,1353,-1,1353,1403,1401,-1,1353,1401,1354,-1,1354,1401,1399,-1,1354,1399,1355,-1,1355,1399,1397,-1,1355,1397,1356,-1,1356,1397,1395,-1,1379,1365,1381,-1,1381,1365,1364,-1,1381,1364,1383,-1,1383,1364,1363,-1,1383,1363,1385,-1,1385,1363,1362,-1,1385,1362,1387,-1,1387,1362,1361,-1,1387,1361,1389,-1,1389,1361,1360,-1,1389,1360,1391,-1,1391,1360,1359,-1,1391,1359,1393,-1,1393,1359,1358,-1,1393,1358,1395,-1,1395,1358,1357,-1,1395,1357,1356,-1,1371,302,1373,-1,1373,302,1369,-1,1373,1369,1375,-1,1375,1369,1368,-1,1375,1368,1377,-1,1377,1368,1367,-1,1377,1367,1379,-1,1379,1367,1366,-1,1379,1366,1365,-1,952,104,1406,-1,952,1406,950,-1,950,1406,1407,-1,950,1407,948,-1,948,1407,1408,-1,948,1408,946,-1,946,1408,1409,-1,946,1409,944,-1,944,1409,1410,-1,944,1410,942,-1,942,1410,1411,-1,942,1411,940,-1,940,1411,1412,-1,940,1412,938,-1,938,1412,1413,-1,938,1413,936,-1,936,1413,1414,-1,936,1414,934,-1,934,1414,1415,-1,934,1415,932,-1,932,1415,1416,-1,932,1416,930,-1,930,1416,1417,-1,930,1417,928,-1,928,1417,1418,-1,928,1418,926,-1,926,1418,1419,-1,926,1419,924,-1,924,1419,1420,-1,924,1420,922,-1,922,1420,1421,-1,922,1421,920,-1,920,1421,1422,-1,920,1422,918,-1,918,1422,1423,-1,918,1423,916,-1,916,1423,146,-1,916,146,914,-1,1424,914,1425,-1,1425,914,146,-1,1424,1425,1426,-1,1426,1425,1427,-1,1426,1427,1428,-1,1428,1427,1429,-1,1428,1429,1430,-1,1430,1429,1431,-1,1430,1431,1432,-1,1432,1431,1433,-1,1432,1433,1434,-1,1434,1433,1435,-1,1434,1435,1436,-1,1436,1435,1437,-1,1436,1437,1438,-1,1438,1437,1439,-1,1438,1439,1440,-1,1440,1439,1441,-1,1440,1441,1442,-1,1442,1441,1443,-1,1442,1443,1444,-1,1444,1443,1445,-1,1444,1445,1446,-1,1446,1445,1447,-1,1446,1447,1448,-1,1448,1447,1449,-1,1448,1449,1450,-1,1450,1449,1451,-1,1450,1451,1452,-1,1452,1451,1453,-1,1452,1453,1454,-1,1454,1453,1455,-1,1454,1455,1456,-1,1456,1455,1457,-1,1456,1457,1458,-1,1458,1457,1459,-1,952,1458,104,-1,104,1458,1459,-1,1434,924,1432,-1,1432,924,922,-1,1432,922,1430,-1,1430,922,920,-1,1430,920,1428,-1,1428,920,918,-1,1428,918,1426,-1,1426,918,916,-1,1426,916,1424,-1,1424,916,914,-1,1458,952,1456,-1,1456,952,950,-1,1456,950,1454,-1,1454,950,948,-1,1454,948,1452,-1,1452,948,946,-1,1452,946,1450,-1,946,944,1450,-1,1450,944,942,-1,1450,942,1448,-1,1448,942,940,-1,1448,940,1446,-1,1446,940,938,-1,1446,938,1444,-1,1444,938,936,-1,1444,936,1442,-1,1442,936,934,-1,1442,934,1440,-1,1440,934,932,-1,1440,932,1438,-1,1438,932,930,-1,1438,930,1436,-1,1436,930,928,-1,1436,928,1434,-1,1434,928,926,-1,1434,926,924,-1,1425,146,1427,-1,1427,146,1423,-1,1427,1423,1429,-1,1429,1423,1422,-1,1429,1422,1431,-1,1431,1422,1421,-1,1431,1421,1433,-1,1449,1410,1451,-1,1451,1410,1409,-1,1451,1409,1453,-1,1453,1409,1408,-1,1453,1408,1455,-1,1455,1408,1407,-1,1455,1407,1457,-1,1457,1407,1406,-1,1457,1406,1459,-1,1459,1406,104,-1,1421,1420,1433,-1,1433,1420,1419,-1,1433,1419,1435,-1,1435,1419,1418,-1,1435,1418,1437,-1,1437,1418,1417,-1,1437,1417,1439,-1,1439,1417,1416,-1,1439,1416,1441,-1,1441,1416,1415,-1,1441,1415,1443,-1,1443,1415,1414,-1,1443,1414,1445,-1,1445,1414,1413,-1,1445,1413,1447,-1,1447,1413,1412,-1,1447,1412,1449,-1,1449,1412,1411,-1,1449,1411,1410,-1,552,312,1460,-1,552,1460,550,-1,550,1460,1461,-1,550,1461,548,-1,548,1461,1462,-1,548,1462,546,-1,546,1462,1463,-1,546,1463,544,-1,544,1463,1464,-1,544,1464,542,-1,542,1464,1465,-1,542,1465,540,-1,540,1465,1466,-1,540,1466,538,-1,538,1466,1467,-1,538,1467,536,-1,536,1467,1468,-1,536,1468,534,-1,534,1468,1469,-1,534,1469,532,-1,532,1469,1470,-1,532,1470,530,-1,530,1470,1471,-1,530,1471,528,-1,528,1471,1472,-1,528,1472,526,-1,526,1472,1473,-1,526,1473,524,-1,524,1473,1474,-1,524,1474,522,-1,522,1474,1475,-1,522,1475,520,-1,520,1475,1476,-1,520,1476,518,-1,518,1476,1477,-1,518,1477,516,-1,516,1477,354,-1,516,354,514,-1,1478,514,1479,-1,1479,514,354,-1,1478,1479,1480,-1,1480,1479,1481,-1,1480,1481,1482,-1,1482,1481,1483,-1,1482,1483,1484,-1,1484,1483,1485,-1,1484,1485,1486,-1,1486,1485,1487,-1,1486,1487,1488,-1,1488,1487,1489,-1,1488,1489,1490,-1,1490,1489,1491,-1,1490,1491,1492,-1,1492,1491,1493,-1,1492,1493,1494,-1,1494,1493,1495,-1,1494,1495,1496,-1,1496,1495,1497,-1,1496,1497,1498,-1,1498,1497,1499,-1,1498,1499,1500,-1,1500,1499,1501,-1,1500,1501,1502,-1,1502,1501,1503,-1,1502,1503,1504,-1,1504,1503,1505,-1,1504,1505,1506,-1,1506,1505,1507,-1,1506,1507,1508,-1,1508,1507,1509,-1,1508,1509,1510,-1,1510,1509,1511,-1,1510,1511,1512,-1,1512,1511,1513,-1,552,1512,312,-1,312,1512,1513,-1,514,1478,516,-1,516,1478,1480,-1,516,1480,518,-1,518,1480,1482,-1,518,1482,520,-1,520,1482,1484,-1,520,1484,522,-1,522,1484,1486,-1,522,1486,524,-1,524,1486,1488,-1,1504,542,1502,-1,1502,542,540,-1,1502,540,1500,-1,1500,540,538,-1,1500,538,1498,-1,1498,538,536,-1,1498,536,1496,-1,1496,536,534,-1,1496,534,1494,-1,1494,534,532,-1,1494,532,1492,-1,1492,532,530,-1,1492,530,1490,-1,1490,530,528,-1,1490,528,1488,-1,1488,528,526,-1,1488,526,524,-1,1512,552,1510,-1,1510,552,550,-1,1510,550,1508,-1,1508,550,548,-1,1508,548,1506,-1,1506,548,546,-1,1506,546,1504,-1,1504,546,544,-1,1504,544,542,-1,1479,354,1481,-1,1481,354,1477,-1,1481,1477,1483,-1,1483,1477,1476,-1,1483,1476,1485,-1,1485,1476,1475,-1,1485,1475,1487,-1,1503,1464,1505,-1,1505,1464,1463,-1,1505,1463,1507,-1,1507,1463,1462,-1,1507,1462,1509,-1,1509,1462,1461,-1,1509,1461,1511,-1,1511,1461,1460,-1,1511,1460,1513,-1,1513,1460,312,-1,1475,1474,1487,-1,1487,1474,1473,-1,1487,1473,1489,-1,1489,1473,1472,-1,1489,1472,1491,-1,1491,1472,1471,-1,1491,1471,1493,-1,1493,1471,1470,-1,1493,1470,1495,-1,1495,1470,1469,-1,1495,1469,1497,-1,1497,1469,1468,-1,1497,1468,1499,-1,1499,1468,1467,-1,1499,1467,1501,-1,1501,1467,1466,-1,1501,1466,1503,-1,1503,1466,1465,-1,1503,1465,1464,-1,1050,52,1514,-1,1050,1514,1048,-1,1048,1514,1515,-1,1048,1515,1046,-1,1046,1515,1516,-1,1046,1516,1044,-1,1044,1516,1517,-1,1044,1517,1042,-1,1042,1517,1518,-1,1042,1518,1040,-1,1040,1518,1519,-1,1040,1519,1038,-1,1038,1519,1520,-1,1038,1520,1036,-1,1036,1520,1521,-1,1036,1521,1034,-1,1034,1521,1522,-1,1034,1522,1032,-1,1032,1522,1523,-1,1032,1523,1030,-1,1030,1523,1524,-1,1030,1524,1028,-1,1028,1524,1525,-1,1028,1525,1026,-1,1026,1525,1526,-1,1026,1526,1024,-1,1024,1526,1527,-1,1024,1527,1022,-1,1022,1527,1528,-1,1022,1528,1020,-1,1020,1528,1529,-1,1020,1529,1018,-1,1018,1529,1530,-1,1018,1530,1016,-1,1016,1530,1531,-1,1016,1531,1014,-1,1014,1531,94,-1,1014,94,1012,-1,1532,1012,1533,-1,1533,1012,94,-1,1532,1533,1534,-1,1534,1533,1535,-1,1534,1535,1536,-1,1536,1535,1537,-1,1536,1537,1538,-1,1538,1537,1539,-1,1538,1539,1540,-1,1540,1539,1541,-1,1540,1541,1542,-1,1542,1541,1543,-1,1542,1543,1544,-1,1544,1543,1545,-1,1544,1545,1546,-1,1546,1545,1547,-1,1546,1547,1548,-1,1548,1547,1549,-1,1548,1549,1550,-1,1550,1549,1551,-1,1550,1551,1552,-1,1552,1551,1553,-1,1552,1553,1554,-1,1554,1553,1555,-1,1554,1555,1556,-1,1556,1555,1557,-1,1556,1557,1558,-1,1558,1557,1559,-1,1558,1559,1560,-1,1560,1559,1561,-1,1560,1561,1562,-1,1562,1561,1563,-1,1562,1563,1564,-1,1564,1563,1565,-1,1564,1565,1566,-1,1566,1565,1567,-1,1050,1566,52,-1,52,1566,1567,-1,1566,1050,1564,-1,1564,1050,1048,-1,1564,1048,1562,-1,1562,1048,1046,-1,1562,1046,1560,-1,1560,1046,1044,-1,1560,1044,1558,-1,1012,1532,1014,-1,1014,1532,1534,-1,1014,1534,1016,-1,1016,1534,1536,-1,1016,1536,1018,-1,1018,1536,1538,-1,1018,1538,1020,-1,1020,1538,1540,-1,1020,1540,1022,-1,1022,1540,1542,-1,1044,1042,1558,-1,1558,1042,1040,-1,1558,1040,1556,-1,1556,1040,1038,-1,1556,1038,1554,-1,1554,1038,1036,-1,1554,1036,1552,-1,1552,1036,1034,-1,1552,1034,1550,-1,1550,1034,1032,-1,1550,1032,1548,-1,1548,1032,1030,-1,1548,1030,1546,-1,1546,1030,1028,-1,1546,1028,1544,-1,1544,1028,1026,-1,1544,1026,1542,-1,1542,1026,1024,-1,1542,1024,1022,-1,52,1567,1514,-1,1514,1567,1565,-1,1514,1565,1515,-1,1515,1565,1563,-1,1515,1563,1516,-1,1516,1563,1561,-1,1516,1561,1517,-1,1517,1561,1559,-1,1517,1559,1518,-1,1518,1559,1557,-1,1533,94,1535,-1,1535,94,1531,-1,1535,1531,1537,-1,1537,1531,1530,-1,1537,1530,1539,-1,1539,1530,1529,-1,1539,1529,1541,-1,1529,1528,1541,-1,1541,1528,1527,-1,1541,1527,1543,-1,1543,1527,1526,-1,1543,1526,1545,-1,1545,1526,1525,-1,1545,1525,1547,-1,1547,1525,1524,-1,1547,1524,1549,-1,1549,1524,1523,-1,1549,1523,1551,-1,1551,1523,1522,-1,1551,1522,1553,-1,1553,1522,1521,-1,1553,1521,1555,-1,1555,1521,1520,-1,1555,1520,1557,-1,1557,1520,1519,-1,1557,1519,1518,-1,454,364,1568,-1,454,1568,452,-1,452,1568,1569,-1,452,1569,450,-1,450,1569,1570,-1,450,1570,448,-1,448,1570,1571,-1,448,1571,446,-1,446,1571,1572,-1,446,1572,444,-1,444,1572,1573,-1,444,1573,442,-1,442,1573,1574,-1,442,1574,440,-1,440,1574,1575,-1,440,1575,438,-1,438,1575,1576,-1,438,1576,436,-1,436,1576,1577,-1,436,1577,434,-1,434,1577,1578,-1,434,1578,432,-1,432,1578,1579,-1,432,1579,430,-1,430,1579,1580,-1,430,1580,428,-1,428,1580,1581,-1,428,1581,426,-1,426,1581,1582,-1,426,1582,424,-1,424,1582,1583,-1,424,1583,422,-1,422,1583,1584,-1,422,1584,420,-1,420,1584,1585,-1,420,1585,418,-1,418,1585,406,-1,418,406,416,-1,1586,416,1587,-1,1587,416,406,-1,1586,1587,1588,-1,1588,1587,1589,-1,1588,1589,1590,-1,1590,1589,1591,-1,1590,1591,1592,-1,1592,1591,1593,-1,1592,1593,1594,-1,1594,1593,1595,-1,1594,1595,1596,-1,1596,1595,1597,-1,1596,1597,1598,-1,1598,1597,1599,-1,1598,1599,1600,-1,1600,1599,1601,-1,1600,1601,1602,-1,1602,1601,1603,-1,1602,1603,1604,-1,1604,1603,1605,-1,1604,1605,1606,-1,1606,1605,1607,-1,1606,1607,1608,-1,1608,1607,1609,-1,1608,1609,1610,-1,1610,1609,1611,-1,1610,1611,1612,-1,1612,1611,1613,-1,1612,1613,1614,-1,1614,1613,1615,-1,1614,1615,1616,-1,1616,1615,1617,-1,1616,1617,1618,-1,1618,1617,1619,-1,1618,1619,1620,-1,1620,1619,1621,-1,454,1620,364,-1,364,1620,1621,-1,416,1586,418,-1,418,1586,1588,-1,418,1588,420,-1,420,1588,1590,-1,420,1590,422,-1,422,1590,1592,-1,422,1592,424,-1,424,1592,1594,-1,424,1594,426,-1,426,1594,1596,-1,1612,444,1610,-1,1610,444,442,-1,1610,442,1608,-1,1608,442,440,-1,1608,440,1606,-1,1606,440,438,-1,1606,438,1604,-1,1604,438,436,-1,1604,436,1602,-1,1602,436,434,-1,1602,434,1600,-1,1600,434,432,-1,1600,432,1598,-1,1598,432,430,-1,1598,430,1596,-1,1596,430,428,-1,1596,428,426,-1,1620,454,1618,-1,1618,454,452,-1,1618,452,1616,-1,1616,452,450,-1,1616,450,1614,-1,1614,450,448,-1,1614,448,1612,-1,1612,448,446,-1,1612,446,444,-1,1587,406,1589,-1,1589,406,1585,-1,1589,1585,1591,-1,1591,1585,1584,-1,1591,1584,1593,-1,1593,1584,1583,-1,1593,1583,1595,-1,1611,1572,1613,-1,1613,1572,1571,-1,1613,1571,1615,-1,1615,1571,1570,-1,1615,1570,1617,-1,1617,1570,1569,-1,1617,1569,1619,-1,1619,1569,1568,-1,1619,1568,1621,-1,1621,1568,364,-1,1583,1582,1595,-1,1595,1582,1581,-1,1595,1581,1597,-1,1597,1581,1580,-1,1597,1580,1599,-1,1599,1580,1579,-1,1599,1579,1601,-1,1601,1579,1578,-1,1601,1578,1603,-1,1603,1578,1577,-1,1603,1577,1605,-1,1605,1577,1576,-1,1605,1576,1607,-1,1607,1576,1575,-1,1607,1575,1609,-1,1609,1575,1574,-1,1609,1574,1611,-1,1611,1574,1573,-1,1611,1573,1572,-1,1148,0,1622,-1,1148,1622,1146,-1,1146,1622,1623,-1,1146,1623,1144,-1,1144,1623,1624,-1,1144,1624,1142,-1,1142,1624,1625,-1,1142,1625,1140,-1,1140,1625,1626,-1,1140,1626,1138,-1,1138,1626,1627,-1,1138,1627,1136,-1,1136,1627,1628,-1,1136,1628,1134,-1,1134,1628,1629,-1,1134,1629,1132,-1,1132,1629,1630,-1,1132,1630,1130,-1,1130,1630,1631,-1,1130,1631,1128,-1,1128,1631,1632,-1,1128,1632,1126,-1,1126,1632,1633,-1,1126,1633,1124,-1,1124,1633,1634,-1,1124,1634,1122,-1,1122,1634,1635,-1,1122,1635,1120,-1,1120,1635,1636,-1,1120,1636,1118,-1,1118,1636,1637,-1,1118,1637,1116,-1,1116,1637,1638,-1,1116,1638,1114,-1,1114,1638,1639,-1,1114,1639,1112,-1,1112,1639,44,-1,1112,44,1110,-1,1640,1110,1641,-1,1641,1110,44,-1,1640,1641,1642,-1,1642,1641,1643,-1,1642,1643,1644,-1,1644,1643,1645,-1,1644,1645,1646,-1,1646,1645,1647,-1,1646,1647,1648,-1,1648,1647,1649,-1,1648,1649,1650,-1,1650,1649,1651,-1,1650,1651,1652,-1,1652,1651,1653,-1,1652,1653,1654,-1,1654,1653,1655,-1,1654,1655,1656,-1,1656,1655,1657,-1,1656,1657,1658,-1,1658,1657,1659,-1,1658,1659,1660,-1,1660,1659,1661,-1,1660,1661,1662,-1,1662,1661,1663,-1,1662,1663,1664,-1,1664,1663,1665,-1,1664,1665,1666,-1,1666,1665,1667,-1,1666,1667,1668,-1,1668,1667,1669,-1,1668,1669,1670,-1,1670,1669,1671,-1,1670,1671,1672,-1,1672,1671,1673,-1,1672,1673,1674,-1,1674,1673,1675,-1,1148,1674,0,-1,0,1674,1675,-1,1674,1148,1672,-1,1672,1148,1146,-1,1672,1146,1670,-1,1670,1146,1144,-1,1670,1144,1668,-1,1668,1144,1142,-1,1668,1142,1666,-1,1110,1640,1112,-1,1112,1640,1642,-1,1112,1642,1114,-1,1114,1642,1644,-1,1114,1644,1116,-1,1116,1644,1646,-1,1116,1646,1118,-1,1118,1646,1648,-1,1118,1648,1120,-1,1120,1648,1650,-1,1142,1140,1666,-1,1666,1140,1138,-1,1666,1138,1664,-1,1664,1138,1136,-1,1664,1136,1662,-1,1662,1136,1134,-1,1662,1134,1660,-1,1660,1134,1132,-1,1660,1132,1658,-1,1658,1132,1130,-1,1658,1130,1656,-1,1656,1130,1128,-1,1656,1128,1654,-1,1654,1128,1126,-1,1654,1126,1652,-1,1652,1126,1124,-1,1652,1124,1650,-1,1650,1124,1122,-1,1650,1122,1120,-1,1641,44,1643,-1,1643,44,1639,-1,1643,1639,1645,-1,1645,1639,1638,-1,1645,1638,1647,-1,1647,1638,1637,-1,1647,1637,1649,-1,0,1675,1622,-1,1622,1675,1673,-1,1622,1673,1623,-1,1623,1673,1671,-1,1623,1671,1624,-1,1624,1671,1669,-1,1624,1669,1625,-1,1625,1669,1667,-1,1625,1667,1626,-1,1626,1667,1665,-1,1637,1636,1649,-1,1649,1636,1635,-1,1649,1635,1651,-1,1651,1635,1634,-1,1651,1634,1653,-1,1653,1634,1633,-1,1653,1633,1655,-1,1655,1633,1632,-1,1655,1632,1657,-1,1657,1632,1631,-1,1657,1631,1659,-1,1659,1631,1630,-1,1659,1630,1661,-1,1661,1630,1629,-1,1661,1629,1663,-1,1663,1629,1628,-1,1663,1628,1665,-1,1665,1628,1627,-1,1665,1627,1626,-1,
        ]
    }
}